badge_id,badgegeber_id,name,deklarierte_funktion,geschlecht,infocube_id_person,kategorie,kategorieNEU,person.city,person.kanton,bemerkungen
1,1,Vincenzo Pedrazzini,FDP,m,370844,2,"Politisches (Parteien, Kantone)",Wollerau,SZ,
2,2,Donat Schneider,Landwirtschaftliche Organisation Bern und der angrenzenden Gebiete (Lobag),m,4937033,S,Landwirtschaft,Diessbach b. Büren,BE,
3,3,Etienne Bütikofer,Berufsverband Bildung,m,p20003213451,S,Bildung & Forschung,,,"Kursleiter, Bildungs-Berater, Bildungs-Lobbyist"
5,5,Alex Fischer,WWF Schweiz,m,p21005293744,S,Umwelt,,,"Dozent an der Central European University, Budapest"
6,6,Andrea Kind,Gast,w,,0,Gast,,,"Musikerin (Konzerthackbrett),
Klangschalen-Masseurin und -therapeutin"
7,7,Simon Affolter,Etat de Vaud,m,,2,"Politisches (Parteien, Kantone)",,,Delegierter des Kantons Waadt für interkantonale und europäische Angelegenheiten
8,8,Raphaël Tschanz,UBS AG,m,5315606,K,Finanzen,Zürich,ZH,
9,9,Stefan Wyer,Persönlicher Mitarbeiter,m,5716363,1,Persönliche Mitarbeiter,Spiez,BE,"Kommunikations- und Public-Affairs-Berater, ehemaliger persönlicher Mitarbeiter von Bundesrätin Ruth Metzler-Arnold"
10,10,Max Nötzli,Auto-Schweiz,m,1030082,S,Verkehr & Logistik,Muri b. Bern,BE,
11,11,Martin Flügel,Travailsuisse,m,4589513,S,Gewerkschaften,Bern,BE,
15,15,Emil Kälin,Persönlicher Mitarbeiter,m,4465470,1,Persönliche Mitarbeiter,Altdorf UR,UR,Generalsekretär Volkswirtschaftsdirektion Uri
16,16,Martin Zenhäusern,Zenhäusern und Partner AG,m,736914,M,Consulting & PR,Jona,SG,"Ex-Coach von Ruth Metzler und Joseph Deiss, Ex-Pressesprecher CVP Wallis"
17,17,Natacha Berberat,Gast,w,p22005158400,0,Gast,,,Ehefrau
18,18,Alain Bovard,"Amnesty International, Section Suisse",m,,S,"Hilfswerke, Nonprofit, Soziales",,,
19,19,Stefan Vannoni,Economiesuisse,m,5591444,S,Wirtschaftsdachverbände,Basel,BS,Stv. Leiter allgemeine Wirtschaftspolitik & Bildung bei Economiesuisse
20,20,Matthias Dietrich,Informationsdienst für den öffentlichen Verkehr (Litra),m,,S,Verkehr & Logistik,,,Geschäftsführer. War früher in der PR-Abteilung der SBB.
21,21,Hans Koller,Strasseschweiz,m,,S,Verkehr & Logistik,,,
22,22,Sara Stalder,Stiftung für Konsumentenschutz,w,5701234,S,"Hilfswerke, Nonprofit, Soziales",Sumiswald,BE,
23,23,Marco Taddei,Schweizerischer Verband freier Berufe,m,,S,Gewerkschaften,,,Generalsekretär
24,24,Hans-Ulrich Bigler,Schweizerischer Gewerbeverband (SGV),m,850929,S,Wirtschaftsdachverbände,Affoltern am Albis,ZH,Und: Vorstand HEV Kanton Zürich
25,25,Silvia Blocher,Gast,w,6895995,0,Gast,Herrliberg,ZH,Ehefrau
26,26,David Stickelberger,Swissolar,m,5646523,M,Umwelt,Zürich,ZH,
27,27,Erich Herren,Persönlicher Mitarbeiter,m,4867051,1,Persönliche Mitarbeiter,Gerlafingen,SO,
28,28,Urs Martin,Privatklinken Schweiz,m,6595970,S,"Gesundheit, Pflege, Pharma",Romanshorn,TG,
29,29,Francis Egger,Union Suisse des Paysans,m,1073293,S,Landwirtschaft,Onnens FR,FR,
30,30,Rudolf Minsch,Economiesuisse,m,5881302,S,Wirtschaftsdachverbände,Tamins,GR,
31,31,Petra Rohner,Persönliche Mitarbeiterin,w,,1,Persönliche Mitarbeiter,,,
32,32,Judith Uebersax,SVP Frauen Schweiz,w,,2,"Politisches (Parteien, Kantone)",,,
34,34,Beat Christen,Persönlicher Mitarbeiter,m,,1,Persönliche Mitarbeiter,,,"http://newsnetz-blog.ch/hugostamm/blog/2012/05/03/stosstrupp-gottes-in-den-wandelhallen/comment-page-4/#comments 

http://www.vbg.net/die-vbg/wer-wir-sind/mitarbeitende.html"
35,35,Martin Kuonen,Centre Patronal,m,5809264,S,Wirtschaftsdachverbände,Worb,BE,
36,36,Daniel Bulliard,Gast,m,98731,0,Gast,Ueberstorf,FR,
37,37,Brigitte Pitteloud,Etat du Valais,w,,2,"Politisches (Parteien, Kantone)",,,
38,38,Martin Fröhlich,Persönlicher Mitarbeiter,m,,1,Persönliche Mitarbeiter,,,
39,39,Michael Töngi,Schweizerischer Mieterinnen- und Mieterverband (SMV),m,,S,"Hilfswerke, Nonprofit, Soziales",,,
41,41,Sara Guerra,"Stagiaire, Kanton Tessin",w,,2,"Politisches (Parteien, Kantone)",,,
42,42,Arthur Wellinger,Biomasse Suisse,m,647183,S,Umwelt,Guntershausen b. Aadorf,TG,
43,43,Sandra-Anne Göbelbecker,Persönliche Mitarbeiterin,w,5837352,1,Persönliche Mitarbeiter,,,
45,45,Felix Wirz,Ecopolitics GmbH,m,4045146,M,Umwelt,Bern,BE,
46,46,Bettina Mutter,Dynamics Group,w,6701264,M,Consulting & PR,Zürich,ZH,cf. Franz Egle / Dynamics Group AG
47,47,Sarkis Shahinian,Parlamentarische Gruppe Schweiz-Armenien,m,7038795,2,Anderes,Schmitten FR,FR,
48,48,Dieter Kläy,Schweizerischer Gewerbeverband (SGV),m,4562781,S,Wirtschaftsdachverbände,Winterthur,ZH,
49,49,Cristina Gaggini,Economiesuisse,w,5422708,S,Wirtschaftsdachverbände,,,
50,50,Ronny Kaufmann,Die Schweizerische Post,m,4504015,H,Verkehr & Logistik,Zürich,ZH,
52,52,Rita Eder-Bachmann,Gast,w,,0,Gast,,,
53,53,Ruedi Leder,Gast,m,628575,0,Gast,Baden,AG,
54,54,Albert Leiser,Hauseigentümerverband (HEV) Zürich,m,297418,S,Bauwirtschaft & Immobilien,Zürich,ZH,
55,55,Marie-Louise Baumann,MLB Communications,w,4689222,M,Consulting & PR,Zürich,ZH,
56,56,Fadri Ramming,Regierungskonferenz der Gebirgskantone (RKGK),m,1049448,2,"Politisches (Parteien, Kantone)",Chur,GR,
58,58,Helen Fässler-Eiermann,Gast,w,5818623,0,Gast,Appenzell,AI,
59,59,Chantal Aeby Pürro,Fédération suisse des vignerons (FSV),w,,S,Landwirtschaft,,,
60,60,Hans Kuno Schweiger,Gast,m,,0,Gast,,,
64,64,Roland Seiler,Schweizerischer Fischerei-Verband (SFV),m,,S,Landwirtschaft,,,
65,65,Sybille Oetliker,Schweizerischer Städteverband (SSV),w,,S,"Politisches (Parteien, Kantone)",,,Wissenschaftliche Mitarbeiterin Schweizerischer Städteverband (http://staedteverband.ch/de/Info/Stadteverband/Geschaftsstelle)
66,66,Ernesto Engel,Kunststoff Verband Schweiz,m,5472975,S,Industrie & Energie,Grüt (Gossau ZH),ZH,
67,67,Ingrid Hess,Umweltallianz,w,,S,Umwelt,,,
68,68,Hans-Georg Bächtold,Schweizerischer Ingenieur- und Architekten-Verein (SIA),m,5369267,S,Bauwirtschaft & Immobilien,,,
69,69,Hansruedi Streiff,Holzindustrie Schweiz,m,765735,S,Industrie & Energie,Bern,BE,
70,70,Dagobert Cahannes,Kanton Solothurn,m,,2,"Politisches (Parteien, Kantone)",,,
71,71,Priska Föhn,Gast,w,4444336,0,Gast,Muotathal,SZ,
72,72,Christian Melly,Kanton Wallis,m,329859,2,"Politisches (Parteien, Kantone)",Anniviers,,
73,73,Paul-André Simon,Persönlicher Mitarbeiter,m,,1,Persönliche Mitarbeiter,,,
74,74,Joël A. Thüring,Persönlicher Mitarbeiter,m,5089791,1,Persönliche Mitarbeiter,Basel,BS,
76,76,Antoine Carraux,Union Démocratique du Centre du Valais romand,m,,2,"Politisches (Parteien, Kantone)",,,
77,77,Reto Wiesli,Médecins de famille Suisse,m,5454878,S,"Gesundheit, Pflege, Pharma",Fribourg,FR,
78,78,Jürg Wittwer,Hausverein Schweiz,m,,S,Bauwirtschaft & Immobilien,,,
80,80,Kurt Rohrbach,Verband Schweizerischer Elektrizitätsunternehmen (VSE),m,404341,S,Industrie & Energie,Büren an der Aare,BE,
81,81,Christof Dietler,Pluswert GmbH,m,4822370,M,Consulting & PR,,,
82,82,Rudolf Horber,Schweizerischer Gewerbeverband (SGV),m,5398217,S,Wirtschaftsdachverbände,Niederscherli,BE,
83,83,Chantal Balet,Cabinet conseils FBL associés,w,46828,M,Consulting & PR,Grimisuat,VS,
84,84,Renate Hotz,Hotz Communications,w,1046083,M,Consulting & PR,Stettlen,BE,
85,85,Hans-Ulrich Hunziker,Swiss Association Value Added Services (Savass),m,,S,Wirtschaftsdachverbände,,,
86,86,Barbara Küttel,Kleinbauern-Vereinigung (VKMB),w,,S,Landwirtschaft,,,
87,87,Patrick Hofstetter,WWF Schweiz,m,6328680,S,Umwelt,Zürich,ZH,
88,88,Jonas Glanzmann,Persönlicher Mitarbeiter,m,,1,Persönliche Mitarbeiter,,,
89,89,Nicole Werner,Alliance Sud,w,,S,"Hilfswerke, Nonprofit, Soziales",,,
90,90,Marcel Kreber,Schweizer Brauerei-Verband (SGV),m,5767738,S,Detailhandel & Gastronomie,Niederwil AG,AG,
92,92,Andrea Wyss Graber,Gast,w,5446271,0,Gast,Kriens,LU,
93,93,Markus Allemann,Greenpeace Schweiz,m,,S,Umwelt,,,
94,94,Walter Stüdeli,Geschäftsführung Verbände,m,4909799,S,Consulting & PR,Bern,BE,
95,95,Kurt Howald,Gast,m,,0,Gast,,,
96,96,Jürgen Schulz,Persönlicher Mitarbeiter,m,,1,Persönliche Mitarbeiter,,,
97,97,Hans-Peter In-Albon,Verband Schweizerischer Elektro-Installationsfirmen (VSEI),m,5131473,S,Bauwirtschaft & Immobilien,Waldkirch,SG,
98,98,Klaus Künzli,Gastrosuisse,m,6804000,S,Detailhandel & Gastronomie,Ittigen,BE,
99,99,Marie-Jo Girardin,Persönliche Mitarbeiterin,w,,1,Persönliche Mitarbeiter,,,
100,100,Stefan Kilchenmann,Swisscom AG,m,,J,"Kultur, Medien, Telekommunikation",Schliern b. Köniz,BE,https://www.xing.com/profiles/Stefan_Kilchenmann
101,101,Kurt Wilhelm,Sanitas Krankenversicherung,m,527127,K,Versicherungen,Aarau,AG,
102,102,Stefan Jakob,Ecopolitics,m,,S,Umwelt,,,
103,103,Dieter Meile,Persönlicher Mitarbeiter,m,,1,Persönliche Mitarbeiter,,,
104,104,Daniela Lehmann,Gewerkschaft des Verkehrspersonals (SEV),w,,S,Gewerkschaften,,,
105,105,Christine Davatz-Höchner,Schweizerischer Gewerbeverband (SGV),w,669335,S,Wirtschaftsdachverbände,Messen,SO,
106,106,Gallus Cadonau,Schweizerische Greina-Stiftung / Solaragentur Schweiz,m,103036,S,Umwelt,Zürich,ZH,
107,107,Martin Rufer,Schweizerischer Bauernverband,m,5774114,S,Landwirtschaft,Solothurn,SO,
108,108,Martin Pidoux,Schweizerischer Bauernverband,m,6815095,S,Landwirtschaft,Fribourg,FR,
109,109,Raphaël Ciocchi,Persönlicher Mitarbeiter,m,6607224,1,Persönliche Mitarbeiter,Vicques,JU,
110,110,Alexander Segert,Gast,m,,0,Gast,,,
111,111,Bettina Ramseier Rey,Curaviva,w,5686206,Q,"Gesundheit, Pflege, Pharma",Icogne,VS,
112,112,Bruno Henggi,Interpharma Basel,m,5754911,M,"Gesundheit, Pflege, Pharma",Riehen,BS,
113,113,Pascal Gentinetta,Economiesuisse,m,4925063,S,Wirtschaftsdachverbände,,,
114,114,Urs Wellauer,Schweizerischer Bäcker-Confiseurmeister-Verband,m,520100,S,Detailhandel & Gastronomie,Bern,BE,
115,115,Florence Schurch,Chancellerie de la République et Canton de Gèneve,w,,2,"Politisches (Parteien, Kantone)",,,
119,119,Cornelia Stamm Hurter,Gast,w,p26002615664,0,Gast,,,
120,120,Rolf Hartl,Erdöl-Vereinigung,m,218441,S,Industrie & Energie,Eglisau,ZH,
121,121,Harald Burgener,Gast,m,,0,Gast,,,
122,122,Werner Müller,SVS / BirdLife Schweiz,m,,S,Umwelt,,,
123,123,Dominik Bachmann,Aidshilfe Schweiz,m,,S,"Hilfswerke, Nonprofit, Soziales",,,
124,124,Mirjam Ballmer,Pro Natura,w,5654519,S,Umwelt,Basel,BS,Projektleiterin für Naturschutzpolitik bei Pro Natura
126,126,Aliki Panayides,Persönliche Mitarbeiterin,w,p22005361383,1,Persönliche Mitarbeiter,,,
127,127,Annina Schneider,Alliance Sud,w,,S,"Hilfswerke, Nonprofit, Soziales",,,
128,128,Herbert Winter,Schweizerischer Israelitischer Gemeindebund,m,25037,S,Anderes,Zürich,ZH,
129,129,Hans-Rudolf Müller,AXA Versicherungen AG,m,18642,K,Versicherungen,Wiesendangen,ZH,
131,131,Morten Keller,Gast,m,7218675,0,Gast,,,
132,132,Kalim Ghulam,Powercondens AG,m,6942944,G,Industrie & Energie,Chur,GR,
133,133,Christof Berger,Persönlicher Mitarbeiter,m,,1,Persönliche Mitarbeiter,,,
134,134,Charles Buser,Bauenschweiz,m,,S,Bauwirtschaft & Immobilien,,,
136,136,Susanne Brunner,Economiesuisse,w,4088504,S,Wirtschaftsdachverbände,Zürich,ZH,
137,137,Paul Aenishänslin,PAE-PAC Public Affairs & Communications,m,1014565,M,Consulting & PR,Gelterkinden,BL,
138,138,Marcel Sennhauser,Scienceindustries,m,1067385,S,"Gesundheit, Pflege, Pharma",Arni AG,AG,
139,139,Bruno Weber-Gobet,Travailsuisse,m,4302631,S,Gewerkschaften,Schmitten FR,FR,
140,140,Dominique Reber,Hirzel.Neef.Schmid Konsulenten,m,5285695,M,Consulting & PR,Worb,BE,
142,142,Luca Cirigliano,Schweizerischer Gewerkschaftsbund,m,p25015040091,S,Gewerkschaften,,,
144,144,Maria Luisa Bernini Burkhard,Swiss Communication Agency,w,6311215,M,Consulting & PR,Ascona,TI,
145,145,Raymond Loretan,Gast,m,5617064,0,Gast,Genève,GE,Beweis: http://www.srgd.ch/index.php?id=1319
146,146,Thomas Moser,Kanton Bern,m,,2,"Politisches (Parteien, Kantone)",,,
147,147,Judith Fischer,Suva,w,6549004,K,Versicherungen,Cham,ZG,
148,148,Yves Weidmann,Schweizerische Bankiervereinigung (SBVG),m,5500705,S,Finanzen,Burgdorf,BE,
149,149,Monika Maire-Hefti,Gast,w,906925,0,Gast,Les Ponts-de-Martel,NE,
150,150,Thierry Burkart,Touring Club Suisse (TCS),m,4308851,S,Verkehr & Logistik,Baden,AG,
151,151,Andreas Tschöpe,Conseil Suisse des Activités de Jeunesse,m,,S,"Hilfswerke, Nonprofit, Soziales",,,
152,152,Hannes Rettenmund,Persönlicher Mitarbeiter,m,,1,Persönliche Mitarbeiter,,,
153,153,Doris Güttinger,Fédération suisse des sages-femmes (SHV / FSSF),w,,S,"Gesundheit, Pflege, Pharma",,,
154,154,Babette Sigg Frank,CVP Frauen Schweiz,w,p29001217247,2,"Politisches (Parteien, Kantone)",,,
155,155,Claudio Kuster,Persönlicher Mitarbeiter,m,,1,Persönliche Mitarbeiter,,,
156,156,Maxim Wuersch,Persönlicher Mitarbeiter,m,,1,Persönliche Mitarbeiter,,,
157,157,Thomas Pletscher,Economiesuisse,m,975318,S,Wirtschaftsdachverbände,Fällanden,ZH,
158,158,Markus Flury,Schweizer Musikrat (SMR),m,,S,"Kultur, Medien, Telekommunikation",,,
159,159,Martin Bosshard,Bio Suisse,m,,S,Landwirtschaft,,,
160,160,Helene Müller-Bühler,Gast,w,p25000897613,0,Gast,,,
162,162,Rudolf Zumbühl,Touring Club Suisse (TCS),m,5612965,S,Verkehr & Logistik,Villars-sur-Glâne,FR,
163,163,Ottilia Müller,Persönliche Mitarbeiterin,w,,1,Persönliche Mitarbeiter,,,
164,164,Jürg Maurer,Migros-Genossenschafts-Bund,m,,G,Detailhandel & Gastronomie,,,
165,165,Franz Grüter,Gast,m,,0,Gast,,,
166,166,Patrick Hadi Huber,Persönlicher Mitarbeiter,m,5725885,1,Persönliche Mitarbeiter,Zürich,ZH,
167,167,Michel Egger,Alliance Sud,m,,S,"Hilfswerke, Nonprofit, Soziales",,,
168,168,Josef Bollag,"Institute for Security Analysis and Strategic Networking, Stiftung (ISSN)",m,363,S,Anderes,Baden,AG,
169,169,Roger Hedi,Sport-Toto-Gesellschaft,m,,R,Sport & Tourismus,,,
170,170,François Cherix,Gast,m,,0,Gast,,,
171,171,Lorenz Furrer,Furrer.Hugi und Partner AG,m,5105362,M,Consulting & PR,Muri b. Bern,BE,
172,172,Michael Nussbaumer,Persönlicher Mitarbeiter,m,6562803,1,Persönliche Mitarbeiter,Basel,BS,Familienmitglied
173,173,Elvio Tettamanti,Gast,m,p26001067974,0,Gast,,,Familienmitglied
174,174,Johannes Wartenweiler,Persönlicher Mitarbeiter,m,,1,Persönliche Mitarbeiter,,,http://www.sp-bern-nord.ch/aktuell/abstimmungen-wahlen/32-wahlen-2012/133-johannes-wartenweiler
175,175,Thomas Cueni,Interpharma,m,121692,M,"Gesundheit, Pflege, Pharma",Binningen,BL,
176,176,Ines Zürcher Montali,Persönliche Mitarbeiterin,w,625628,1,Persönliche Mitarbeiter,Breganzona,TI,
178,178,Jan Mühlethaler,Schweizer Aussenwirtschaftsförderung (Osec),m,p28002992189,S,Anderes,,,
179,179,Konrad Studerus,"Studerus und Partner AG, Zug",m,477648,M,Consulting & PR,Menzingen,ZG,
180,180,Sigrid Sutter,Swiss Label,w,,S,Wirtschaftsdachverbände,,,
181,181,Michaela Björk,Persönliche Mitarbeiterin,w,p25004801411,1,Persönliche Mitarbeiter,,,
183,183,Thomas C. Maurer,Maurer Partner Communications AG,m,975543,M,Consulting & PR,Bern,BE,
184,184,Urs F. Meyer,Schweizer Medien,m,335092,S,"Kultur, Medien, Telekommunikation",Solothurn,SO,
185,185,Christina Werder,Schweizerischer Gewerkschaftsbund,w,6446441,S,Gewerkschaften,Zürich,ZH,
186,186,Herbert Karch,Agrarallianz / Kleinbauern-Vereinigung (VKMB),m,848993,S,Landwirtschaft,Wattenwil,BE,
187,187,Angelo Geninazzi,Economiesuisse Svizzera italiana,m,,S,Wirtschaftsdachverbände,,,
188,188,Denis Simonet,Piratenpartei,m,p21008036913,2,"Politisches (Parteien, Kantone)",,,
189,189,Hans Peter Reimann,Gast,m,6970879,0,Gast,Wallbach,AG,
190,190,Elena Antonella Strozzi,Initiative des Alpes,w,7306640,S,Umwelt,,,
192,192,Jürg Bachmann,Verband Schweizer Privatradios (VSP),m,,S,"Kultur, Medien, Telekommunikation",,,
193,193,Stephan Schwitter,Wohnbaugenossenschaft Schweiz,m,816649,L,Bauwirtschaft & Immobilien,Horgen,ZH,
194,194,Bernard Salzmann,Usam,m,,S,Wirtschaftsdachverbände,,,
195,195,Andreas Widmer,St. Galler Bauernverband,m,524178,S,Landwirtschaft,Mühlrüti,SG,
196,196,Matthias Kuert Killer,Travailsuisse,m,5912967,S,Gewerkschaften,Bern,BE,
197,197,Thomas Zimmermann,Schweizerischer Gewerkschaftsbund,m,,S,Gewerkschaften,,,
198,198,Beatrix Besio,Persönliche Mitarbeiterin,w,4034403,1,Persönliche Mitarbeiter,Niederwangen b. Bern,BE,
199,199,Luca Paltenghi,Persönlicher Mitarbeiter,m,p27007321472,1,Persönliche Mitarbeiter,,,
200,200,Tamara Lauber,Persönliche Mitarbeiterin,w,6951145,1,Persönliche Mitarbeiter,Zürich,ZH,
201,201,Raimund Rodewald,Stiftung Landschaftsschutz Schweiz,m,728838,S,Umwelt,Bern,BE,
202,202,Rebecca Ruiz,Gast,w,,0,Gast,,,
203,203,Ulrico Kessler,Pro Natura,m,,S,Umwelt,,,
204,204,Erich Tschirky,Schweizerische Gesundheitsliga-Konferenz (Geliko),m,5397624,S,"Gesundheit, Pflege, Pharma",Zürich,ZH,
205,205,Hans-Peter Kaufmann,Suissetec,m,,S,Bauwirtschaft & Immobilien,,,
206,206,Roman Weissen,KM Konsulta,m,519555,M,Consulting & PR,,,
208,208,Lucius Dürr,Schweizerischer Versicherungsverband,m,139779,S,Versicherungen,Zürich,ZH,
209,209,Christoph Buser,Wirtschaftskammer Baselland,m,4886204,S,Wirtschaftsdachverbände,Füllinsdorf,BL,
210,210,Anna-Lena Nadler,Jugendsession,w,,2,"Politisches (Parteien, Kantone)",,,
211,211,Sabrina Mohn,CVP Baselland,w,6595930,2,"Politisches (Parteien, Kantone)",Allschwil,BL,
212,212,Véronique Polito,Schweizerischer Gewerkschaftsbund,w,5799727,S,Gewerkschaften,Fribourg,FR,
213,213,Georges Spicher,Verband der Schweizerischen Cementindustrie (Cemsuisse),m,460117,S,Bauwirtschaft & Immobilien,Schmitten FR,FR,
215,215,Marcus Ulber,Pro Natura,m,p21001303348,S,Umwelt,,,
216,216,Etiennette J. Verrey,Commission fédérale pour les questions féminines,w,5313040,2,"Politisches (Parteien, Kantone)",Lausen,BL,
217,217,Mélanie Sauvain,Entraide Suisse Handicap (Agile),w,,S,"Hilfswerke, Nonprofit, Soziales",,,Sekretärin AGILE seit 2009: http://www.agile.ch/news-fr&getDoc=580
218,218,Alf Arnold,Verein Alpen-Initiative,m,5751781,S,Umwelt,Altdorf UR,UR,"Geschäftsführer Alpeninitiative, 
Grüne Uri, VCS Uri, etc.
http://www.gruene-uri.ch/landrat-2012-2016/alf-arnold/"
219,219,Alex Miescher,SPORT/SFV,m,6897508,R,Sport & Tourismus,Biberist,SO,"Schweizerischer Fussballverband (Generalsekretär), Kampfpilot, FDP-Politiker in Solothurn, www.alxmiescher.ch"
220,220,Matthias Kummer,Vereinigung Schweizerischer Privatbanquiers,m,731886,S,Finanzen,Spiez,BE,"Fürsprecher und Lobbyist, Kummer Public Affairs, http://books.google.ch/books?id=pJvt2MY_e08C&pg=PA225&lpg=PA225&dq=Vereinigung+Schweizerischer+privatbanquiers+Matthias+Kummer&source=bl&ots=_ZiodvakLA&sig=b9WzTM83iW_fdVrRUqfBW5mUWjw&hl=de&sa=X&ei=MDlMUdvPGKGO7AaEwYGgAg&ved=0CDAQ6AEwAA#v=onepage&q=Vereinigung%20Schweizerischer%20privatbanquiers%20Matthias%20Kummer&f=false"
221,221,Christoph Merkli,Pro Velo Schweiz,m,6879792,S,Verkehr & Logistik,Zollikofen,BE,"Geschäftsführer Pro Velo Schweiz, http://www.pro-velo.ch/pro-velo/geschaeftsstelle/team/
Verein Velojournal"
222,222,Louis Perron,Perron Campaigns,m,,M,Consulting & PR,,,www.perroncampaigns.ch/
224,224,Johannes Schwarz,Persönlicher Mitarbeiter,m,,1,Persönliche Mitarbeiter,,,
226,226,Manuel Graf,WWF Schweiz,m,,S,Umwelt,,,
227,227,Danielle Chiavaroli,Persönliche Mitarbeiterin,w,,1,Persönliche Mitarbeiter,,,
228,228,Daniel Lampart,Sekretariatsleiter und Chefökonom SGB,m,,S,Gewerkschaften,,,
229,229,Barbara Hayoz,Gast,w,880283,0,Gast,Bern,BE,Ex-Gemeinderätin der Stadt Bern http://www.bernerzeitung.ch/region/bern/Barbara-Hayoz-bleibt-im-StabeVerwaltungsrat/story/18563957
230,230,Nathalie Henseler Pfyl,Büro für Sprache und Politik,w,,M,Consulting & PR,,,
231,231,Vinciane Frund,Médecins de famille Suisse,w,,S,"Gesundheit, Pflege, Pharma",,,
232,232,Patrick Eperon,Centre Patronal,m,,S,Wirtschaftsdachverbände,,,
233,233,Catherine Weber Busch,Schweizerischer Verband des Personals öffentlicher Dienste (VPOD),w,,S,Gewerkschaften,,,
234,234,Klara Vitali-Odermatt,Gast,w,5596910,0,Gast,Oberkirch LU,LU,
235,235,Ueli Stückelberger,Verband öffentlicher Verkehr (VöV),m,6719597,S,Verkehr & Logistik,Bern,BE,
236,236,Christine Badertscher,Persönliche Mitarbeiterin,w,,1,Persönliche Mitarbeiter,,,
237,237,Heinrich Minder,Gast,m,,0,Gast,,,
238,238,Michel Zimmermann,Persönlicher Mitarbeiter,m,,1,Persönliche Mitarbeiter,,,
239,239,Madeleine Walter,Gast,w,p22011150457,0,Gast,,,
240,240,Hans Peyer,Allianz der Wirtschaft für eine massvolle Präventionspolitik (AWMP),m,p26001815016,S,Wirtschaftsdachverbände,,,
241,241,Margret Wasserfallen,Gast,w,p25005302916,0,Gast,,,
242,242,Nick Beglinger,Swisscleantech,m,56476,M,Umwelt,Zürich,ZH,http://www.handelszeitung.ch/unternehmen/nick-beglinger-suspekter-saubermann
243,243,Ivica Petrusic,Dachverband der offenen Jugendarbeit Schweiz (DOJ),m,6595626,Q,"Hilfswerke, Nonprofit, Soziales",Aarau,AG,
244,244,Andreas Burgener,Auto-Schweiz,m,4723834,S,Verkehr & Logistik,Bellach,SO,
245,245,Bernhard Meier,SBB,m,5728900,H,Verkehr & Logistik,Solothurn,SO,
246,246,Maja Ziörjen,Gast,w,543205,0,Gast,Dübendorf,ZH,
248,2,Werner Salzmann,SVP Bern,m,418186,2,"Politisches (Parteien, Kantone)",Mülchi,BE,Mitglied im Zentralvorstand der SVP Schweiz
249,3,Markus Meyer,Präsident Schweizerisches Kompetenzzentrum Fischerei (SKF),m,,S,Landwirtschaft,,,"Präsident Bernisch Kantonaler Fischerei-Verband, Rechtsanwalt bei Bracher & Partner, Spezialist für Wirtschafts-, Verwaltungs- und Baurecht, über öffentliche Suchmaske zu wenig eindeutig. Privatadresse: Eisenbahnstrasse 11, 4901 Langenthal"
253,7,Dore Heim,Schweizerischer Gewerkschaftsbund,w,,S,Gewerkschaften,,,Geschftäftsführende Sekretärin des Schweizerischen Gewerkschaftsbundes (SGB)
255,9,René Rall,Schweizerischer Anwaltsverband,m,853602,S,Anderes,Bern,BE,Generalsektretär Sschweizerischer Anwaltsverband
256,10,Roger Schnegg,Swiss Olympic,m,6328894,R,Sport & Tourismus,Münchenbuchsee,BE,
259,13,Ulrich Keller,Schweizerischer Verband für Wohnungswesen,m,268223,S,Bauwirtschaft & Immobilien,Zürich,ZH,
261,15,Edith Baumann,Gast,w,51997,0,Gast,Wassen UR,UR,Ehefrau von Isidor Baumann
262,16,Nathalie Gysi,Grünes Kreuz Schweiz,w,1058766,S,Umwelt,Zürich,ZH,
263,17,Florence Meyer,Ville de La Chaux-de-Fonds,w,,2,"Politisches (Parteien, Kantone)",,,Verantwortliche für Aussenangelegenheiten bei der Stadt La Chaux-de-Fonds
264,18,Daniel Roth,Gast,m,,0,Gast,,,Ehemann
266,20,Alfred Aeppli,Gast,m,,0,Gast,,,"Der ""Bundeshaus-Seelsorger""; arbeitet bei den Besinnungen im Bundeshaus mit. Präsident des Landeskirchen-Forums."
271,25,Chris von Rohr,Gast,m,,0,Gast,,,
272,26,Gaston Wolf,Konferenz Hochschuldozierende Schweiz,m,,S,Bildung & Forschung,,,
273,27,Hans-Rudolf Hüssy,Persönlicher Mitarbeiter,m,,1,Persönliche Mitarbeiter,,,Ex-Präsident der Offiziere der Luftwaffe (Avia)
274,28,Roswitha Brunner,Aktion Medienfreiheit,w,,S,"Kultur, Medien, Telekommunikation",,,
275,29,Fritz Glauser,Schweizer Bauernverband,m,1035028,S,Landwirtschaft,Châtonnaye,FR,
278,32,Thomas Bähler,"Verband Stahl-, Metall- und Papier-Recycling Schweiz (VSMR)",m,,S,Industrie & Energie,,,"Geschäftsführer von Wirtschaftsverbänden im Mandatsverhältnis (Stahl-, Metall und Papier-Recycling; Entsorgung von elektronischen und elektrischen Altgeräten; Blumenimport und -grosshandel, Tabakwarenhandel, Kartenverlage)"
280,34,Thomas Ruckstuhl,Persönlicher Mitarbeiter,m,,1,Persönliche Mitarbeiter,,,
281,35,Jean-Claude Chabloz,Gast,m,,0,Gast,,,
282,36,Xavier Pilloud,Persönlicher Mitarbeiter,m,,1,Persönliche Mitarbeiter,,,
283,37,Alfred Squaratti,Union Suisse des Sociétés d'Ingénieurs Conseils (Usic),m,727481,M,Bauwirtschaft & Immobilien,Sion,VS,
285,39,Jean-Félix Savary,Groupement Romand d'Etudes des Addictions (Grea),m,,S,"Hilfswerke, Nonprofit, Soziales",,,
288,42,Laurent Seydoux,GLP,m,451881,2,"Politisches (Parteien, Kantone)",Plan-les-Ouates,GE,
291,45,Mathias Buschbeck,Persönlicher Mitarbeiter,m,,1,Persönliche Mitarbeiter,,,
292,46,Timotheos Frey,Burson-Marsteller AG,m,7234562,M,Consulting & PR,,,
294,48,Markus Meier,Hauseigentümerverband (HEV) Baselland,m,651505,S,Bauwirtschaft & Immobilien,Ormalingen,BL,
295,49,Arnaud Schaller,Alliance des Assureurs Maladie Suisses (AAMS),m,7092939,S,"Gesundheit, Pflege, Pharma",Bern,BE,
298,52,Jürg Schlup,Verbindung der Schweizer Ärztinnen und Ärzte (FMH),m,5110578,S,"Gesundheit, Pflege, Pharma",,,
299,53,Hanspeter Konrad,Schweizerischer Pensionskassenverband (Asip),m,,K,Altersvorsorge,,,
300,54,Ansgar Gmür,Hauseigentümerverband (HEV) Schweiz,m,1192206,S,Bauwirtschaft & Immobilien,Affoltern am Albis,ZH,
301,55,Daniel Heller,Farner Consulting AG,m,224973,M,Consulting & PR,Erlinsbach,AG,
302,56,Thomas Egger,Schweizerische Arbeitsgemeinschaft für das Berggebiet (SAB),m,,S,"Politisches (Parteien, Kantone)",,,
303,57,Richard Estermann,Gast,m,152168,0,Gast,Kriens,LU,
305,59,Guido Fürer,Schweizerische Beratungsstelle für Unfallverhütung (BFU),m,6465912,S,"Gesundheit, Pflege, Pharma",Sempach,LU,
306,60,Bruno Stegmann,Gast,m,,0,Gast,,,
308,62,Andrea Arezina,Persönliche Mitarbeiterin,w,,1,Persönliche Mitarbeiter,,,
310,64,Nils Conradin Münger,Verein Kinderlobby,m,,S,"Hilfswerke, Nonprofit, Soziales",,,
313,67,Michèle Graber,Persönliche Mitarbeiterin,w,6749204,1,Persönliche Mitarbeiter,Udligenswil,LU,
314,68,Peter Schuhmacher,Geo Consulting Group AG,m,858208,M,Consulting & PR,Wettingen,AG,
315,69,Henrique Schneider,Schweizerischer Gewerbeverband (SGV),m,6527757,S,Wirtschaftsdachverbände,Appenzell,AI,
316,70,Michael Schmid,Verband der Schweizerischen Gasindustrie (VSG),m,,S,Industrie & Energie,,,
317,71,Marco Föhn,Gast,m,5530653,0,Gast,Muotathal,SZ,
318,72,Xavier Bertelletto,Kanton Wallis,m,p27003254264,2,"Politisches (Parteien, Kantone)",,,
319,73,Philip Holmgaard Kristensen,Centre Patronal (Mandat Aerosuisse und Parl. Gruppe Luft- und Raumfahrt),m,,S,Wirtschaftsdachverbände,,,
320,74,Jean-Christophe Britt,"Public Affairs, Novartis International AG",m,,M,"Gesundheit, Pflege, Pharma",,,Mediensprecher Novartis International AG
322,76,Jérome Desmeules,Union Démocratique du Centre du Valais romand,m,,2,"Politisches (Parteien, Kantone)",,,
326,80,Roger de Weck,SRG SSR,m,4243104,J,"Kultur, Medien, Telekommunikation",Zürich,ZH,
328,82,Beat Spahni,Thinkart Consulting,m,,M,Consulting & PR,,,
329,83,Martin Schläpfer,Migros-Genossenschafts-Bund,m,4860527,G,Detailhandel & Gastronomie,Stettlen,BE,
331,85,Michael Gehrken,Schweizerischer Nutzfahrzeugverband (Astag),m,869641,S,Verkehr & Logistik,Belp,BE,
332,86,Rudolf Alther,Gesellschaft Schweiz-Albanien,m,33090,S,Anderes,Goldach,SG,
333,87,Franziska Barmettler,Swisscleantech,w,,M,Umwelt,,,
334,88,Guido Graf,Kanton Luzern,m,,2,"Politisches (Parteien, Kantone)",,,http://www.lu.ch/gesundheit_soziales = http://infocube.ch/de/p/198658/graf-guido ???
335,89,Moreno Casasola,Solidarité sans frontières,m,,S,"Hilfswerke, Nonprofit, Soziales",,,
336,90,Hannes Jaisli,Gastrosuisse,m,4081131,S,Detailhandel & Gastronomie,,,
339,93,Christina Goethe,Swissaid,w,,Q,"Hilfswerke, Nonprofit, Soziales",,,
340,94,Harry Graf,Gast,m,,0,Gast,,,
341,95,Giovanni Giunta,Futuro PMI / Relève PME / KMUnext,m,6238466,S,Consulting & PR,Montreux,VD,
342,96,Adrian Schmid,Schweizerischer Heimatschutz,m,,S,"Kultur, Medien, Telekommunikation",,,
344,98,Christian Köpe,Galenica AG,m,926284,M,"Gesundheit, Pflege, Pharma",Zürich,ZH,
345,99,Michel Darbellay,Chambre jurassienne d'agriculture,m,,S,Landwirtschaft,,,
346,100,Thomas Zwald,Verband Schweizer Elektrizitätsunternehmen (VSE),m,,S,Industrie & Energie,,,
347,101,Urs Brogli,FDP Gesundheitskommission,m,888313,2,"Gesundheit, Pflege, Pharma",Zürich,ZH,"Leiter Kommunikation & Public Affairs von The Swiss Leading Hospitals: http://www.slh.ch/de/aktuelles/meldungen/neuer-leiter-kommunikation.php, Leiter der Unternehmenskommunikation bei
 der Privatklinikgruppe Hirslanden, Präsident der 
gesundheitspolitischen Kommission des Dachverbandes der Privatkliniken 
Schweiz (PKS):http://www.bilanz.ch/unternehmen/urs-brogli-ueber-reformen-im-gesundheitswesen-auf-der-intensivstation"
348,102,Yvonne Ribi,Schweizerischer Berufsverband der Pflegefachfrauen und Pflegefachmänner (SBK-ASI),w,,S,"Gesundheit, Pflege, Pharma",,,
349,103,Armin Menzi,Persönlicher Mitarbeiter,m,864193,1,Persönliche Mitarbeiter,Frauenfeld,TG,
350,104,Annette Walder,Gast,w,,0,Gast,,,
351,105,Peter Stähli,Kleine und mittlere Unternehmen (KMU),m,,S,Wirtschaftsdachverbände,,,
352,106,Peter Schmid,Wohnbaugenossenschaft Schweiz,m,,S,Bauwirtschaft & Immobilien,,,
354,108,Liliane Brunisholz,Union suisse des paysans,w,,S,Landwirtschaft,,,
355,109,Jean-Claude Hennet,Conférence des directeurs des transports de suisse occidentale (CTSO),m,,S,Verkehr & Logistik,,,
356,110,Ernst Stocker,Gast,m,,0,Gast,,,
357,111,Elsbeth Wandeler,Persönliche Mitarbeiterin,w,,1,Persönliche Mitarbeiter,,,
358,112,Mike Bacher,Persönlicher Mitarbeiter,m,,1,Persönliche Mitarbeiter,,,
361,115,Pierre Maudet,Commission fédérale pour l'enfance et la jeunesse,m,4757083,2,"Politisches (Parteien, Kantone)",Genève,GE,
366,120,Valentin Vogt,Schweizerischer Arbeitgeberverband,m,505270,S,Wirtschaftsdachverbände,Hombrechtikon,ZH,
367,121,Oliver Schnyder,Verband Walliser Gemeinden,m,,S,"Politisches (Parteien, Kantone)",,,
368,122,Martine Schneider,Gast,w,,0,Gast,,,
369,123,Martin Dätwyler,Handelskammer beider Basel,m,,S,Wirtschaftsdachverbände,,,
370,124,Daniel Wiener,Persönlicher Mitarbeiter,m,853105,1,Persönliche Mitarbeiter,Basel,BS,
372,126,Marcel Durst,Geschäftsführer Association Spitex Privée Suisse (ASPS),m,1065079,S,"Gesundheit, Pflege, Pharma",Avenches,VD,
373,127,André Frutschi,Persönlicher Mitarbeiter,m,,1,Persönliche Mitarbeiter,,,
374,128,Peter Kyburz,KV Schweiz,m,713874,P,Gewerkschaften,Winterthur,ZH,
375,129,Beat Zbinden,Persönlicher Mitarbeiter,m,,1,Persönliche Mitarbeiter,,,
378,132,Barbara Züst,Persönliche Mitarbeiterin,w,,1,Persönliche Mitarbeiter,,,
379,133,Rosmarie Glauser,Verband Schweizer Assistenz- und Oberärztinnen- und Ärzte (VSAO),w,,S,"Gesundheit, Pflege, Pharma",,,
380,134,Urs Glutz,Swisspower,m,681493,K,Industrie & Energie,Brugg AG,AG,
383,137,Urs Näf,Economiesuisse,m,,S,Wirtschaftsdachverbände,,,
384,138,Simone Wyss Fedele,Helvetia und Präsidentin Basler Ökonomen,w,,K,Versicherungen,,,
385,139,Sigurd Maxwell,Alprail,m,1022882,S,Verkehr & Logistik,Thônex,GE,
386,140,Claudia Bolla-Vincenz,Swisscable,w,791471,S,"Kultur, Medien, Telekommunikation",Vallamand,VD,
388,142,Alain Carrupt,Syndicom,m,1144647,S,Gewerkschaften,Belfaux,FR,
389,143,Gabi Badertscher,Yjoo Communications,w,4957570,M,Consulting & PR,Uttwil,TG,
391,145,Varuna Singh Auroi,Kanton Genf,w,,2,"Politisches (Parteien, Kantone)",,,
392,146,Martin Muerner,Radio Berner Oberland AG,m,5546035,J,"Kultur, Medien, Telekommunikation",Oberhofen am Thunersee,BE,
393,147,Daniel Borner,Verband Schweizerischer Schreinermeister und Möbelfabrikanten (VSSM),m,,S,Bauwirtschaft & Immobilien,,,
394,148,Christian Zeyer,Swisscleantech,m,5579517,M,Umwelt,Ostermundigen,BE,
395,149,Ernest Geiser,Gast,m,,0,Gast,,,
396,150,Lukas Schürch,Neue Europäische Bewegung Schweiz (Nebs),m,,S,"Politisches (Parteien, Kantone)",,,
397,151,Mohamed Hamdaoui,Syndicom,m,6657780,S,Gewerkschaften,Biel/Bienne,BE,
398,152,Andreas Schefer,SRG Deutschschweiz,m,6348926,J,"Kultur, Medien, Telekommunikation",Bern,BE,
399,153,Marie Pasquier Maridat,Persönliche Mitarbeiterin,w,,1,Persönliche Mitarbeiter,,,
400,154,François Tissot-Daguette,La Poste,m,,H,Verkehr & Logistik,,,
402,156,Johan Rochel,Persönlicher Mitarbeiter / Représentant de foraus,m,,,"Politisches (Parteien, Kantone)",,,
403,157,Patrik Kneubühl,Treuhand Suisse,m,,M,Finanzen,,,
405,159,Ersin Dincer,Kinderlobby,m,,S,"Hilfswerke, Nonprofit, Soziales",,,
406,160,Oscar J. Schwenk,Pilatus Aircraft,m,702264,H,Industrie & Energie,Mauensee,LU,
408,162,Monika Sommer,Hauseigentümerverband (HEV) Schweiz,w,4692736,S,Bauwirtschaft & Immobilien,Dübendorf,ZH,
409,163,Reinhard Frei,Persönlicher Mitarbeiter,m,,1,Persönliche Mitarbeiter,,,
412,166,Marc Herkenrath,Alliance Sud,m,p29002609056,S,"Hilfswerke, Nonprofit, Soziales",,,
414,168,Studer Marc,Le Lobby des Citoyens,m,4127563,S,Anderes,Genève,GE,
415,169,Fredy Müller,Mueller Consulting und Partner,m,,M,Consulting & PR,,,
416,170,Luc Leumann,Verkehrsclub der Schweiz (VCS),m,,S,Verkehr & Logistik,,,
417,171,Andreas Hugi,Furrer.Hugi und Partner AG,m,4513204,M,Consulting & PR,Zumikon,ZH,
418,172,Stefan Batzli,Agentur für Erneuerbare Energien und Energieeffizienz,m,4010952,S,Industrie & Energie,Solothurn,SO,
420,174,Manuel Wyss,Unia,m,,S,Gewerkschaften,,,
422,176,Daniel C. Rohr,Rohr Communications,m,1044766,M,Consulting & PR,,,
424,178,Josiane Enggasser,Schweizer Obstverband,w,4178254,S,Landwirtschaft,Emmen,LU,
425,179,Ruth Derrer-Balladore,Schweizerischer Arbeitgeberverband,w,,S,Wirtschaftsdachverbände,,,
426,180,Kurt Gfeller,Schweizerischer Gewerbeverband (SGV),m,880278,S,Wirtschaftsdachverbände,Lyss,BE,
430,184,Michael Burkhardt,Sunrise,m,,J,"Kultur, Medien, Telekommunikation",,,
431,185,Renzo Ambrosetti,Gewerkschaft Unia,m,33776,S,Gewerkschaften,Monte Carasso,TI,
432,186,Claude Comina,Gast,m,,0,Gast,,,
433,187,Michela Trisconi,Persönliche Mitarbeiterin,w,,1,Persönliche Mitarbeiter,,,
434,188,Marc Horisberger,"Verband der Poker-, Geschicklichkeits- und Unterhaltungsspiele-Anbieter (VPUG)",m,,S,Sport & Tourismus,,,
435,189,Urs Hürzeler,Persönlicher Mitarbeiter,m,,1,Persönliche Mitarbeiter,,,
439,193,Christoph Kull,Beratendes Organ für Fragen der Klimaänderung des Bundes (OcCC),m,,2,Umwelt,,,
441,195,Josef Dissler,Schweizerischer Bauernverband,m,944515,S,Landwirtschaft,Wolhusen,LU,
442,196,Michele Rossi,Associazioni economiche ticinesi,m,5413724,S,Wirtschaftsdachverbände,,,
444,198,Peter Gfeller,Schweizer Milchproduzenten (SMP),m,188532,S,Landwirtschaft,Kappelen,BE,
447,201,Doris Bianchi,Schweizerischer Gewerkschaftsbund,w,,S,Gewerkschaften,,,
448,202,Mathieu Fleury,Fédération romande des consommateurs (FRC),m,,S,"Hilfswerke, Nonprofit, Soziales",,,
449,203,Caroline Beglinger,Verkehrsclub der Schweiz (VCS),w,865001,S,Verkehr & Logistik,Biel/Bienne,BE,
450,204,Martin Bienlein,H+ die Spitäler der Schweiz,m,5164353,S,"Gesundheit, Pflege, Pharma",Bern,BE,Leiter Geschäftsbereich Politik H+ (http://www.hplus.ch/de/servicenav/h_verband/geschaeftsstelle/)
451,205,Roland A. Müller,Schweizerischer Arbeitgeberverband,m,,S,Wirtschaftsdachverbände,,,
452,206,Konrad Imbach,Verband Hafner- und Plattengeschäfte,m,,S,Wirtschaftsdachverbände,,,
454,208,Mark Saxer,Furrer.Hugi und Partner AG / Swiss Police (ICT  / SPIK),m,6243190,M,Consulting & PR,Weisslingen,ZH,
457,211,Franz Saladin,Handelskammer beider Basel,m,5190083,S,Wirtschaftsdachverbände,Duggingen,BL,
458,212,José Corpataux,Schweizerischer Gewerkschaftsbund,m,,S,Gewerkschaften,,,
459,213,Christian Castella,Fédération des Entreprises Romandes,m,,S,Wirtschaftsdachverbände,,,
461,215,Marcel Liner,Pro Natura,m,,S,Umwelt,,,
462,216,Simon Oberbeck,JDC Suisse,m,6525747,2,"Politisches (Parteien, Kantone)",Birsfelden,BL,
463,217,Peter Niggli,Alliance Sud,m,970677,S,"Hilfswerke, Nonprofit, Soziales",Zürich,ZH,Geschäftsleiter seit 1998: http://www.northsouth.ethz.ch/news/past_events/forum3/Peter_Niggli_CV.pdf
464,218,Alfred Rey,Schweizer Paraplegiker-Vereinigung,m,4663719,Q,"Gesundheit, Pflege, Pharma",Sion,VS,"Leiter Public Affairs;
Gleichzeitig Bundeshauskorrespondent des Walliser Boten: http://www.fmef.ch/docs/1ollo_wb.pdf"
465,219,Thomas J. Grichting,Groupe Mutuel,m,6522394,K,"Gesundheit, Pflege, Pharma",Ried-Brig,VS,"CEO Groupe Mutuel, 
Allianz Schweizerischer Krankenversicherer,
Schweizerischer Versicherungsverband"
466,220,René Buholzer,Credit Suisse,m,4931043,K,Finanzen,Stäfa,ZH,"CS: Leiter Public Affairs
ICC: Vorstand http://www.icc-switzerland.ch/de/icc-schweiz/vorstand
Young Leaders Alumni Foundation
Dr. Heinrich Wachter Stiftung"
467,221,Erika Ziltener,Dachverband Schweizerischer Patientenstellen,w,872550,Q,"Gesundheit, Pflege, Pharma",Zürich,ZH,Präsidentin des Daverbands: http://www.patientenstelle.ch/de/ueber-uns
470,224,Peter Saxenhofer,Insos Schweiz,m,729397,S,"Hilfswerke, Nonprofit, Soziales",Spiegel b. Bern,BE,"""INSOS Schweiz"", Geschäftsführer, http://www.insos.ch/verband/geschaeftsstellen/mitarbeitende/
Ex-Geschäfsleiter VCS Schweiz, http://www.verkehrsclub.ch/de/online/medien/medienmitteilungen.html?tx_frpredakartikel_pi3_detail=7772"
472,226,Anne Koch,Greenpeace Schweiz,w,,S,Umwelt,,,
473,227,Karin Byland,Persönliche Mitarbeiterin,w,,1,Persönliche Mitarbeiter,,,
475,229,Walter Langenegger,Stadtverwaltung Bern,m,,2,"Politisches (Parteien, Kantone)",,,
476,230,Urs Durrer,Amt für Wirtschaft des Kantons Schwyz,m,,2,"Politisches (Parteien, Kantone)",,,
477,231,Sophie Michaud Gigon,Pro Natura,w,6702969,S,Umwelt,Lausanne,VD,
478,232,Felix Schneuwly,Comparis.ch,m,4442814,J,Consulting & PR,Wünnewil,FR,
479,233,Ursula Schaffner,Persönliche Mitarbeiterin,w,,1,Persönliche Mitarbeiter,,,
480,234,Marinko Jurendic,Gast,m,,0,Gast,,,
481,235,Franz Egle,Dynamics Group,m,1190796,M,Consulting & PR,Luzern,LU,"Ex-VR Mitglied Andermatt Hotel Holding AG, enge Verbindung zu Sawiris (hat Deal in Andermatt eingefädelt), seine Agentur macht(e) Lobbying für EADS / Eurofighter im Kampfjet-Entscheid, weiterer Kunde der Agentur: WEF"
483,237,Stefan Flückiger,Berner Waldbesitzer (BWB),m,,S,Landwirtschaft,,,
484,238,Stephane Montangero,Fourchette verte Suisse,m,,S,"Gesundheit, Pflege, Pharma",,,
485,239,Urs Schneider,Persönlicher Mitarbeiter,m,,1,Persönliche Mitarbeiter,,,
486,240,Stefan Linder,Swiss Economic Forum,m,1038098,S,Anderes,Reichenbach im Kandertal,BE,
487,241,Alexandra Thalhammer,Gast,w,p28007352913,0,Gast,,,
488,242,Stefan Kunz,Aqua Viva-Rheinaubund,m,p24006194100,S,Umwelt,,,
489,243,Emine Sariaslan,Forum für die Integration der Migrantinnen und Migranten (Fimm),w,p22009442056,S,"Hilfswerke, Nonprofit, Soziales",,,
491,245,Giorgio Tuti,Gewerkschaft des Verkehrspersonals,m,4573869,S,Gewerkschaften,Langendorf,SO,
492,246,Benedikt Stockmann,BDP Kanton Zürich,m,472127,2,"Politisches (Parteien, Kantone)",Dübendorf,ZH,
493,5,Marc Gebhard,Gast,m,,,Gast,,,
494,11,Gabriel Fischer,Travailsuisse,m,,,Gewerkschaften,,,
495,13,Pierre Zwahlen,Schweizerischer Mieterinnen- und Mieterverband (SMV),m,,,"Hilfswerke, Nonprofit, Soziales",,,
496,21,Markus Brunner,Waldwirtschaft Schweiz,m,,,Landwirtschaft,,,
497,30,Beda Egger,Persönlicher Mitarbeiter,m,,1,Persönliche Mitarbeiter,,,
498,43,Max Hofmann,Fédération Suisse Fonctionnaires de Police (FSFP),m,,,Anderes,,,
499,47,Barbara Gisi,Schweizer Tourismus-Verband (STV),w,5100664,S,Sport & Tourismus,,,
500,57,Peter With,Gast,m,7176227,0,Gast,,,
501,62,Ursula Näf,Persönliche Mitarbeiterin,w,,,Persönliche Mitarbeiter,,,
502,66,Daniel Seiler,Aidshilfe Schweiz,m,,,"Hilfswerke, Nonprofit, Soziales",,,
503,84,Pascal Krauthammer,Furrer.Hugi und Partner AG,m,,,Consulting & PR,,,
504,97,Pia Stelber,Stromeffizienz-Initiative,w,,,Industrie & Energie,,,
505,114,Stefan Nünlist,Swisscom AG,m,1057184,,"Kultur, Medien, Telekommunikation",,,
506,136,Belinda Walther Weger,Schweizerischer Versicherungsverband,w,,,Versicherungen,,,
507,144,Ariane Rustichelli,Auslandschweizer Organisation (ASO),w,,,Anderes,,,
508,167,Julien Neirynck,Gast,m,,,Gast,,,
509,181,Kim Lara Schweri,Réseau OSEO / Netzwerk SAH,w,,S,"Hilfswerke, Nonprofit, Soziales",,,
510,183,Miriam Wetter,mcw - politische Arbeit gestalten,w,7039480,,Consulting & PR,,,
511,190,Manuela Annette Hugentobler,Union des Etudiants de Suisse (Unes),w,,S,Bildung & Forschung,,,
512,200,Claudia Isler,Persönliche Mitarbeiterin,w,,,Persönliche Mitarbeiter,,,
513,228,Paul Scherer,Schweizerische Arbeitsgruppe Gentechnologie (SAG),m,,,Bildung & Forschung,,,
514,236,Séverine Barioni,Neue Europäische Bewegung Schweiz (Nebs),w,,,"Politisches (Parteien, Kantone)",,,
515,247,Blaise Courvoisier,Persönlicher Mitarbeiter,m,,,Persönliche Mitarbeiter,,,
516,248,Regina Fuhrer-Wyss,Kleinbauern-Vereinigung (VKMB),w,,,Landwirtschaft,,,
517,249,Theo Zijdenbos,Vereinigung Schweizerischer Privatbanquiers,m,,,Finanzen,,,
518,250,Maxence Carron,Persönlicher Mitarbeiter,m,,,Persönliche Mitarbeiter,,,
519,251,Jean-Marc Widmer,Fédération Suisse Fonctionnaires de Police,m,,,Anderes,,,
520,251,François Baertschi,Persönlicher Mitarbeiter,m,,,Persönliche Mitarbeiter,,,
521,252,Beat Meiner,Schweizerische Flüchtlingshilfe,m,5770043,Q,"Hilfswerke, Nonprofit, Soziales",Bern,BE,