badge_id,infocube_id_person,name_badgeinhaber,organization_id,name,status,kategorie,mandat_beteiligung,ort,
2,4937033,Donat Schneider,5522132,Aaremilch AG,,Landwirtschaft,Geschäftsführer,Lyss,
150,4308851,Thierry Burkart,26072,Aargauische Stiftung,,Anderes,Mitglied,Aarau,
301,224973,Daniel Heller,26072,Aargauische Stiftung,,Anderes,Mitglied,Aarau,
162,5612965,Rudolf Zumbühl,5613340,Academie mobilite SA,,Bildung & Forschung,Delegierter,Bern,
128,25037,Herbert Winter,203908,Adolf und Mary Mil-Stft.,,"Hilfswerke, Nonprofit, Soziales",Präsident,Zürich,
80,404341,Kurt Rohrbach,19021,AEK Energie AG,,Industrie & Energie,Vizepräsident,Solothurn,
145,5617064,Raymond Loretan,542095,AEVIS Holding SA,,"Gesundheit, Pflege, Pharma",Vizepräsident,Fribourg,
2,4937033,Donat Schneider,539751,Affolter Mühle&Transport,,Landwirtschaft,Mitglied,Schüpfen,
113,4925063,Pascal Gentinetta,751093,AG Haus der Wirtschaft,,Bauwirtschaft & Immobilien,Mitglied,Zürich,
157,975318,Thomas Pletscher,751093,AG Haus der Wirtschaft,,Bauwirtschaft & Immobilien,Sekretär ausserhalb des Verwaltungsrates,Zürich,
209,4886204,Christoph Buser,4263957,AG Nordwestschweiz,,Wirtschaftsdachverbände,Präsident,Liestal,
29,1073293,Francis Egger,5599259,Agridea,,Landwirtschaft,Mitglied,Fribourg,
275,1035028,Fritz Glauser,6294164,Agrimmo AG,,Bauwirtschaft & Immobilien,Präsident des Verwaltungsrates,Brugg AG,
29,1073293,Francis Egger,714432,Agrisano,,Versicherungen,Mitglied,,
195,524178,Andreas Widmer,318134,Agrisano Prevos,,Altersvorsorge,Vizepräsident,Brugg AG,
275,1035028,Fritz Glauser,632,Agro ,,Landwirtschaft,Präsident des Verwaltungsrates,Granges-Paccot,
275,1035028,Fritz Glauser,5402950,Agrosolution AG,,Landwirtschaft,Vizepräsident,Zollikofen,
431,33776,Renzo Ambrosetti,4877396,AIC,,Wirtschaftsdachverbände,Präsident,Bellinzona,
465,6522394,Thomas J. Grichting,6784868,Allianz Schweizer KrV.,,Versicherungen,Vizepräsident,Bern,
54,297418,Albert Leiser,812395,Allreal Holding AG,,Anderes,Mitglied,Baar,
283,727481,Alfred Squaratti,5649408,"Alp AG, Visp",,Bauwirtschaft & Immobilien,,,
283,727481,Alfred Squaratti,5655280,"Alp AG, Zermatt",,Bauwirtschaft & Immobilien,Sekretär,Visp,
150,4308851,Thierry Burkart,619,Alterswohnungen AG,,"Gesundheit, Pflege, Pharma",Mitglied,Lenzburg,
481,1190796,Franz Egle,5788686,"Andermatt Alps, Altdorf",,Bauwirtschaft & Immobilien,Mitglied,Andermatt,
481,1190796,Franz Egle,5530903,"Andermatt Alps, Andermatt",,Bauwirtschaft & Immobilien,Mitglied,,
481,1190796,Franz Egle,6679138,Andermatt-Urserntal Tourismus GmbH,,Sport & Tourismus,Geschäftsführer,Andermatt,
195,524178,Andreas Widmer,4830867,Animaltruck AG,,Verkehr & Logistik,Präsident des Verwaltungsrates,Necker,
209,4886204,Christoph Buser,4890499,Arbeitgeber Baselland,,Wirtschaftsdachverbände,Präsident,Liestal,
294,651505,Markus Meier,4890499,Arbeitgeber Baselland,,Wirtschaftsdachverbände,Mitglied,Liestal,
229,880283,Barbara Hayoz,4988911,Arcosana,,Versicherungen,Mitglied,Luzern,
111,5686206,Bettina Ramseier Rey,595976,Argos SA,,Versicherungen,Mitglied,Bern,
111,5686206,Bettina Ramseier Rey,595976,Argos SA,,Versicherungen,Kapitalbeteiligung 100%,Bern,
168,363,Josef Bollag,626,ARIF,,Finanzen,Vizepräsident,,
145,5617064,Raymond Loretan,6262881,Ars Medica Clinic SA,,"Gesundheit, Pflege, Pharma",Vizepräsident,Gravesano,
298,5110578,Jürg Schlup,6471871,Ärztezentrum Oberhasli,,"Gesundheit, Pflege, Pharma",Vizepräsident,,
74,5089791,Joël A. Thüring,6503707,Aspero AG,,Versicherungen,Geschäftsführer,Basel,
372,1065079,Marcel Durst,5241435,ASPS,,"Gesundheit, Pflege, Pharma",Sekretär ausserhalb des Vorstandes,Bern,
150,4308851,Thierry Burkart,19176,Assista Protection juridique SA,,Versicherungen,Vizepräsident,Vernier,
283,727481,Alfred Squaratti,40458,Association de l'ancien Hôpital,,"Gesundheit, Pflege, Pharma",Mitglied,Sion,
331,869641,Michael Gehrken,4680048,Astag,,Verkehr & Logistik,Direktor,Bern,
10,1030082,Max Nötzli,353677,Auto-i-Dat AG,,Anderes,Präsident des Verwaltungsrates,Zürich,
10,1030082,Max Nötzli,313275,Auto-Schweiz,,Verkehr & Logistik,Präsident,Bern,
244,4723834,Andreas Burgener,313275,Auto-Schweiz,,Verkehr & Logistik,Direktor,Bern,
426,880278,Kurt Gfeller,4373737,Avanex Versicherungen AG,,Versicherungen,Vizepräsident,Dübendorf,
129,18642,Hans-Rudolf Müller,18526,AXA Versicherungen AG,,Versicherungen,ferner zeichnet,Winterthur,
114,520100,Urs Wellauer,268108,Bäcker-Confiseurmeister,,Detailhandel & Gastronomie,Vizedirektor,Bern,
229,880283,Barbara Hayoz,46748,Band-Genossenschaft,,"Hilfswerke, Nonprofit, Soziales",Mitglied,Bern,
83,46828,Chantal Balet,1590,Banque cantonale du Valais,,Finanzen,Mitglied,Sion,
83,46828,Chantal Balet,5084348,Banque Valais Martigny,,Finanzen,Mitglied,Martigny,
83,46828,Chantal Balet,5084217,Banque Valais Monthey,,Finanzen,Mitglied,Monthey,
83,46828,Chantal Balet,4120234,Banque Valais Sierre,,Finanzen,Mitglied,Sierre,
83,46828,Chantal Balet,4121125,Banque Valais Sion,,Finanzen,Mitglied,Sion,
235,6719597,Ueli Stückelberger,7124388,Bärn fägt,,Sport & Tourismus,ferner zeichnet,Bern,
457,5190083,Franz Saladin,6639707,Basel Area,,Wirtschaftsdachverbände,Mitglied,Basel,
457,5190083,Franz Saladin,313520,Basel Tourismus,,Sport & Tourismus,Mitglied,Basel,
209,4886204,Christoph Buser,7298171,Baselland Tour. Services,,Sport & Tourismus,Präsident des Verwaltungsrates,Liestal,
209,4886204,Christoph Buser,4780271,Baselland Tourismus,,Sport & Tourismus,Mitglied der Geschäftsleitung,Liestal,
24,850929,Hans-Ulrich Bigler,,Sft. KMU Schweiz,,Wirtschaftsdachverbände,Präsident,Bern,
275,1035028,Fritz Glauser,661166,Bauern Zeitung,,"Kultur, Medien, Telekommunikation",Mitglied,Bern,
209,4886204,Christoph Buser,6365916,BaZ Holding AG,,Anderes,Mitglied,Basel,
98,6804000,Klaus Künzli,232861,Belvoirpark AG,,Detailhandel & Gastronomie,Mitglied,,
171,5105362,Lorenz Furrer,6959305,Bergfahrt AG,,Verkehr & Logistik,Präsident des Verwaltungsrates,Bern,
171,5105362,Lorenz Furrer,5485153,Berner Politgespräche,,Consulting & PR,Geschäftsführer,Bern,
417,4513204,Andreas Hugi,5485153,Berner Politgespräche,,Consulting & PR,Vorsitzender der Geschäftsführung,Bern,
298,5110578,Jürg Schlup,4504304,Berner Reha Zentrum AG,,"Gesundheit, Pflege, Pharma",Mitglied,Bern,
111,5686206,Bettina Ramseier Rey,7002607,Besa Care AG,,"Gesundheit, Pflege, Pharma",Mitglied,Bern,
213,460117,Georges Spicher,5445863,Betonsuisse Marketing AG,,Bauwirtschaft & Immobilien,Sekretär ausserhalb des Verwaltungsrates,Bern,
301,224973,Daniel Heller,4269554,Betriebe Barmelweid AG,,"Gesundheit, Pflege, Pharma",Präsident des Verwaltungsrates,Barmelweid,
305,6465912,Guido Fürer,68038,BFU,,"Gesundheit, Pflege, Pharma",Mitglied der Geschäftsleitung,Bern,
294,651505,Markus Meier,379649,BG Mitte für KMU,,Wirtschaftsdachverbände,Mitglied,Burgdorf,
374,713874,Peter Kyburz,55733,Bildungsfonds des KV CH,,Bildung & Forschung,Mitglied,Zürich,
374,713874,Peter Kyburz,55733,Bildungsfonds des KV CH,,Bildung & Forschung,Geschäftsführer,Zürich,
457,5190083,Franz Saladin,6572383,Bio Valley Basel,,Bildung & Forschung,Kassier,Basel,
372,1065079,Marcel Durst,4525006,Birdie Company GmbH,,Consulting & PR,Gesellschafter,Langnau am Albis,
372,1065079,Marcel Durst,4525006,Birdie Company GmbH,,Consulting & PR,Geschäftsführer,Langnau am Albis,
372,1065079,Marcel Durst,4525006,Birdie Company GmbH,,Consulting & PR,Beteiligungshinweis,Langnau am Albis,
80,404341,Kurt Rohrbach,6653957,BKW AG,,Industrie & Energie,Vizepräsident,Bern,
168,363,Josef Bollag,4659734,Bollag-Stiftung,,"Hilfswerke, Nonprofit, Soziales",Einziges Mitglied des Stiftungsrates,,
331,869641,Michael Gehrken,692676,Boom Michael Gehrken,,Consulting & PR,Inhaber,Bern,
27,4867051,Erich Herren,4377303,Bosec Consulting GmbH,,Consulting & PR,ferner zeichnet,Kestenholz,
244,4723834,Andreas Burgener,5426262,Bozzio AG,,Industrie & Energie,Präsident des Verwaltungsrates,Biel/Bienne,
229,880283,Barbara Hayoz,5042617,BSC Young Boys,,Sport & Tourismus,Mitglied,Bern,
150,4308851,Thierry Burkart,618,Buholz Immobilien AG,,Bauwirtschaft & Immobilien,Vizepräsident,Emmen,
366,505270,Valentin Vogt,4492330,Burckhardt C. Holding AG,,Industrie & Energie,Präsident des Verwaltungsrates,Winterthur,
366,505270,Valentin Vogt,10728,Burckhardt Compression AG,,Industrie & Energie,Präsident des Verwaltungsrates,Winterthur,
229,880283,Barbara Hayoz,67731,Burckhardt+Partner Basel,,Bauwirtschaft & Immobilien,Mitglied,Basel,
229,880283,Barbara Hayoz,682232,Burckhardt+Partner Bern,,Bauwirtschaft & Immobilien,Mitglied,Bern,
229,880283,Barbara Hayoz,5195693,Burckhardt+Partner Carouge,,Bauwirtschaft & Immobilien,Mitglied,Carouge,
229,880283,Barbara Hayoz,5127150,Burckhardt+Partner Lausanne,,Bauwirtschaft & Immobilien,Mitglied,Lausanne,
229,880283,Barbara Hayoz,67733,Burckhardt+Partner Zürich,,Bauwirtschaft & Immobilien,Mitglied,Zürich,
150,4308851,Thierry Burkart,6572460,Burkart Immobilien AG,,Bauwirtschaft & Immobilien,Mitglied,Baden,
292,7234562,Timotheos Frey,818559,Burson-Marsteller BE,,Consulting & PR,,,
55,4689222,Marie-Louise Baumann,818559,Burson-Marsteller BE,,Consulting & PR,,,
292,7234562,Timotheos Frey,5286451,Burson-Marsteller GE,,Consulting & PR,,,
55,4689222,Marie-Louise Baumann,5286451,Burson-Marsteller GE,,Consulting & PR,,,
292,7234562,Timotheos Frey,8856,Burson-Marsteller ZH,,Consulting & PR,,,
55,4689222,Marie-Louise Baumann,8856,Burson-Marsteller ZH,,Consulting & PR,,,
168,363,Josef Bollag,813298,Burwill Commodities AG,,Industrie & Energie,Vizepräsident,,
83,46828,Chantal Balet,217172,C.P. Vaudoise Assurances,,Altersvorsorge,Präsident,Lausanne,
370,853105,Daniel Wiener,7256869,Cargo sous terrain,,Verkehr & Logistik,Mitglied,Basel,
424,4178254,Josiane Enggasser,74971,Cavo-Stiftung,,Landwirtschaft,Mitglied,Zug,
213,460117,Georges Spicher,5263841,Cemsuisse,,Bauwirtschaft & Immobilien,Geschäftsführer,Bern,
145,5617064,Raymond Loretan,610,Centre Henry Dunant,,"Kultur, Medien, Telekommunikation",Mitglied,Genolier,
145,5617064,Raymond Loretan,609,Centre Médico-Chirurgical des Eaux-Vives SA,,"Gesundheit, Pflege, Pharma",Präsident des Verwaltungsrates,Genève,
35,5809264,Martin Kuonen,7063823,"Centre Patronal, Bern",,Wirtschaftsdachverbände,Direktionsmitglied,Bern,
35,5809264,Martin Kuonen,5636828,"Centre Patronal, Paudex",,Wirtschaftsdachverbände,Direktionsmitglied,Paudex,
209,4886204,Christoph Buser,134669,CH Gewerbe AG,,Wirtschaftsdachverbände,Präsident des Verwaltungsrates,Binningen,
171,5105362,Lorenz Furrer,6976376,Clé de Berne GmbH,,Detailhandel & Gastronomie,Geschäftsführer,Bern,
242,56476,Nick Beglinger,7200315,Cleantech Agentur,,Umwelt,Vizepräsident,Bern,
301,224973,Daniel Heller,4691415,Clientis AG,,Finanzen,Mitglied,Bern,
301,224973,Daniel Heller,5117,Clientis Küttigen-Erlinsbach,,Finanzen,Präsident des Verwaltungsrates,Küttigen,
145,5617064,Raymond Loretan,305387,Clinique Générale - Ste-Anne SA,,"Gesundheit, Pflege, Pharma",Vizepräsident,Fribourg,
465,6522394,Thomas J. Grichting,75809,Clinique le Noirmont,,"Gesundheit, Pflege, Pharma",Mitglied,Le Noirmont,
145,5617064,Raymond Loretan,6965730,Clinique médico-chirurgicale de Valère SA,,"Gesundheit, Pflege, Pharma",Vizepräsident,Sion,
431,33776,Renzo Ambrosetti,3548,Cogerim,,Bauwirtschaft & Immobilien,Mitglied,Genève,
349,864193,Armin Menzi,4093801,Consulenza Armin Menzi,,Consulting & PR,Inhaber,Frauenfeld,
491,4573869,Giorgio Tuti,635,Coop Rechtsschutz AG,,Versicherungen,Mitglied,Aarau 1 Fächer,
36,98731,Daniel Bulliard,727712,Cop.de l'Habitat Familial,,Bauwirtschaft & Immobilien,Präsident,Fribourg,
418,4010952,Stefan Batzli,86175,CR Kommunikation AG,,Consulting & PR,Präsident des Verwaltungsrates,Zürich,
418,4010952,Stefan Batzli,4784701,CR Lichtspiele GmbH,,"Kultur, Medien, Telekommunikation",ferner zeichnet,Zürich,
140,5285695,Dominique Reber,133643,Creapole SA,,Consulting & PR,Geschäftsführer,,
466,4931043,René Buholzer,15012,Credit Suisse AG,,Finanzen,ferner zeichnet,Zürich,
466,4931043,René Buholzer,3913,Credit Suisse Group AG,,Finanzen,ferner zeichnet,Zürich,
149,906925,Monika Maire-Hefti,615,CSEM,,Bildung & Forschung,Mitglied,Neuchâtel,
229,880283,Barbara Hayoz,4975118,CSS Holding,,Versicherungen,Mitglied,Luzern,
229,880283,Barbara Hayoz,4798198,CSS Krankenversicherung,,Versicherungen,Mitglied,Luzern,
229,880283,Barbara Hayoz,652694,CSS Verein,,Versicherungen,Mitglied,Luzern,
229,880283,Barbara Hayoz,567608,CSS Versicherung,,Versicherungen,Mitglied,Luzern,
111,5686206,Bettina Ramseier Rey,5068611,Curaviva,,"Gesundheit, Pflege, Pharma",Vizepräsident,Bern,
80,404341,Kurt Rohrbach,7285721,Devaux & Rohrbach GmbH,,Consulting & PR,Gesellschafter,Büren an der Aare,
80,404341,Kurt Rohrbach,7285721,Devaux & Rohrbach GmbH,,Consulting & PR,Geschäftsführer,Büren an der Aare,
80,404341,Kurt Rohrbach,7285721,Devaux & Rohrbach GmbH,,Consulting & PR,Beteiligungshinweis,Büren an der Aare,
466,4931043,René Buholzer,318753,Dr. Heinrich Wachter-Stft.,,Bildung & Forschung,Mitglied,St. Gallen,
168,363,Josef Bollag,6842976,Dr. J. Bollag & Cie.,,Anderes,Kollektiv-Gesellschafter,,
9,5716363,Stefan Wyer,4551851,Dr. Schenker AG,,Consulting & PR,Geschäftsführer,Bern,
244,4723834,Andreas Burgener,631,DTC Dynamic Test Center,,Industrie & Energie,Vizepräsident,Biel/Bienne,
372,1065079,Marcel Durst,4046366,Durst,,Consulting & PR,Inhaber,Avenches,
46,6701264,Bettina Mutter,5442536,Dynamics Group AG,,Consulting & PR,Direktor,Zürich,
46,6701264,Bettina Mutter,5442536,Dynamics Group AG,,Consulting & PR,Kapitalbeteiligung 100%,Zürich,
481,1190796,Franz Egle,5677046,Dynamics Group Bern,,Consulting & PR,Präsident des Verwaltungsrates,Bern,
481,1190796,Franz Egle,5677046,Dynamics Group Bern,,Consulting & PR,Filialleiter,Bern,
481,1190796,Franz Egle,5442536,Dynamics Group Zürich,,Consulting & PR,Präsident des Verwaltungsrates,Zürich,
394,5579517,Christian Zeyer,5579664,E plus U GmbH,,Umwelt,Gesellschafter,Bern,
394,5579517,Christian Zeyer,5579664,E plus U GmbH,,Umwelt,Geschäftsführer,Bern,
394,5579517,Christian Zeyer,5579664,E plus U GmbH,,Umwelt,Beteiligungshinweis,Bern,
261,51997,Edith Baumann,97024,East West Book Shop,,Detailhandel & Gastronomie,Prokurist,Winterthur,
209,4886204,Christoph Buser,19700,EBL Gen. Baselland,,Industrie & Energie,Mitglied,Liestal,
30,5881302,Rudolf Minsch,333303,Economiesuisse,,Wirtschaftsdachverbände,Mitglied der Geschäftsleitung,Zürich,
49,5422708,Cristina Gaggini,333303,Economiesuisse,,Wirtschaftsdachverbände,Mitglied der Geschäftsleitung,,
113,4925063,Pascal Gentinetta,333303,Economiesuisse,,Wirtschaftsdachverbände,Direktor,Zürich,
157,975318,Thomas Pletscher,333303,Economiesuisse,,Wirtschaftsdachverbände,Mitglied der Geschäftsleitung,Zürich,
45,4045146,Felix Wirz,4045427,Ecopolitics GmbH,,Umwelt,Gesellschafter,Bern,
45,4045146,Felix Wirz,4045427,Ecopolitics GmbH,,Umwelt,Geschäftsführer,Bern,
45,4045146,Felix Wirz,4045427,Ecopolitics GmbH,,Umwelt,Beteiligungshinweis,Bern,
45,4045146,Felix Wirz,4045427,Ecopolitics GmbH,,Umwelt,Kapitalbeteiligung 100%,Bern,
370,853105,Daniel Wiener,685220,Ecos AG,,Umwelt,Präsident des Verwaltungsrates,Basel,
431,33776,Renzo Ambrosetti,99048,Egghölzli Verwaltungen AG,,Bauwirtschaft & Immobilien,Präsident des Verwaltungsrates,Bern,
366,505270,Valentin Vogt,5880664,EGS Beteiligungen AG,,Finanzen,Mitglied,Zürich,
283,727481,Alfred Squaratti,4805,Electricité de la Lienne,,Industrie & Energie,Mitglied,Sion,
168,363,Josef Bollag,620,Elinex Holding AG,,Anderes,Einziges Mitglied des Verwaltungsrates,,
168,363,Josef Bollag,623,Eltan Holding AG,,Anderes,Präsident des Verwaltungsrates,,
168,363,Josef Bollag,627,Eltaver AG,,Finanzen,Präsident des Verwaltungsrates,,
229,880283,Barbara Hayoz,8464,Emch+Berger Bern,,Bauwirtschaft & Immobilien,Mitglied,Bern,
229,880283,Barbara Hayoz,6984106,Emch+Berger Biel,,Bauwirtschaft & Immobilien,Mitglied,Biel/Bienne,
229,880283,Barbara Hayoz,6364165,Emch+Berger Brig-Gils,,Bauwirtschaft & Immobilien,Mitglied,Brig-Gils,
229,880283,Barbara Hayoz,6711666,Emch+Berger Lausanne,,Bauwirtschaft & Immobilien,Mitglied,Lausanne,
229,880283,Barbara Hayoz,746082,Emch+Berger Spiez,,Bauwirtschaft & Immobilien,Mitglied,Spiez,
444,188532,Peter Gfeller,4971,Emmental Versicherung,,Versicherungen,Vizepräsident,Konolfingen,
24,850929,Hans-Ulrich Bigler,4453219,EnAW,,Industrie & Energie,Vizepräsident,Zürich,
30,5881302,Rudolf Minsch,4453219,EnAW,,Industrie & Energie,Präsident,Zürich,
193,816649,Stephan Schwitter,6943418,Energieplattform EPImmo,,Bauwirtschaft & Immobilien,Mitglied,Zürich,
300,1192206,Ansgar Gmür,6943418,Energieplattform EPImmo,,Bauwirtschaft & Immobilien,Mitglied der Geschäftsleitung,Zürich,
315,6527757,Henrique Schneider,6943418,Energieplattform EPImmo,,Bauwirtschaft & Immobilien,Mitglied,Zürich,
467,872550,Erika Ziltener,825414,Equam Stiftung,,"Gesundheit, Pflege, Pharma",Mitglied,Zürich,
120,218441,Rolf Hartl,104098,Erdöl - Vereinigung (EV),,Industrie & Energie,Präsident,Zürich,
426,880278,Kurt Gfeller,104608,Ersatzkasse UV,,Versicherungen,Mitglied,Zürich,
303,152168,Richard Estermann,779169,Estermann Consulting,,Consulting & PR,Inhaber,Kriens,
283,727481,Alfred Squaratti,4681350,ETEC Sàrl,,Umwelt,Geschäftsführer,Sion,
168,363,Josef Bollag,629,Eurogold Invest AG,,Anderes,Präsident des Verwaltungsrates,,
168,363,Josef Bollag,624,Eurogold Service Zumbühl,,Anderes,Kollektiv-Gesellschafter,,
470,729397,Peter Saxenhofer,5242,Europäische ReiseV. AG,,Versicherungen,Mitglied,Basel,
242,56476,Nick Beglinger,811363,Extramedia Holding AG,,Finanzen,Präsident des Verwaltungsrates,Herrliberg,
242,56476,Nick Beglinger,811363,Extramedia Holding AG,,Finanzen,Kapitalbeteiligung 100%,Herrliberg,
301,224973,Daniel Heller,654237,Farner Consulting BE,,Consulting & PR,Mitglied,Bern,
301,224973,Daniel Heller,654237,Farner Consulting BE,,Consulting & PR,Direktor,Bern,
301,224973,Daniel Heller,5766656,Farner Consulting Lausanne,,Consulting & PR,Mitglied,Lausanne,
301,224973,Daniel Heller,5766656,Farner Consulting Lausanne,,Consulting & PR,Direktor,Lausanne,
301,224973,Daniel Heller,107920,Farner Consulting ZH,,Consulting & PR,Mitglied,Zürich,
301,224973,Daniel Heller,107920,Farner Consulting ZH,,Consulting & PR,Direktor,Zürich,
491,4573869,Giorgio Tuti,83722,Ferienheimgen. SEV,,Gewerkschaften,Präsident,Bern,
242,56476,Nick Beglinger,5638490,FFGS,,Umwelt,Delegierter,Zürich,
140,5285695,Dominique Reber,116690,Fipra Schweiz,,Consulting & PR,Mitglied,Bern,
298,5110578,Jürg Schlup,4875970,FMH Bern,,"Gesundheit, Pflege, Pharma",Präsident,Bern,
481,1190796,Franz Egle,4140396,Fon. Garde Suisse Pontificale au Vatican,,"Kultur, Medien, Telekommunikation",Mitglied,Fribourg,
111,5686206,Bettina Ramseier Rey,115912,Fon. Le Christ-Roi,,Anderes,Direktor,Lens,
149,906925,Monika Maire-Hefti,617,Fon. Musée de Tourbière,,"Kultur, Medien, Telekommunikation",Sekretär,Les Ponts-de-Martel,
397,6657780,Mohamed Hamdaoui,691516,Fon. Spectacles français,,"Kultur, Medien, Telekommunikation",Mitglied,Biel/Bienne,
145,5617064,Raymond Loretan,310957,Fon. Swiss Medical Network,,Altersvorsorge,Präsident,Genolier,
275,1035028,Fritz Glauser,116974,Fon.rurale prévoyance prof.,,Altersvorsorge,Mitglied,Lausanne,
149,906925,Monika Maire-Hefti,616,Fondation «Les Billodes»,,Bildung & Forschung,Diverse,Le Locle,
49,5422708,Cristina Gaggini,362281,Fondation Anouk,,"Gesundheit, Pflege, Pharma",Mitglied,,
83,46828,Chantal Balet,115182,Fondation C.P. Vaudoise,,Altersvorsorge,Präsident,Lausanne,
83,46828,Chantal Balet,6390419,Fondation equal-salary,,"Hilfswerke, Nonprofit, Soziales",Mitglied,Vevey,
83,46828,Chantal Balet,116469,Fondation Leenaards,,"Hilfswerke, Nonprofit, Soziales",Mitglied,Lausanne,
83,46828,Chantal Balet,395415,Fondation Louis Moret,,"Kultur, Medien, Telekommunikation",Mitglied,Martigny,
145,5617064,Raymond Loretan,311905,Fondation patronale de la Société Suisse des Explosifs,,Altersvorsorge,Präsident,Gamsen,
212,5799727,Véronique Polito,117316,Fondazione ECAP,,Bildung & Forschung,Mitglied,Zürich,
374,713874,Peter Kyburz,286828,Fonds des KV Schweiz,,"Hilfswerke, Nonprofit, Soziales",Mitglied,Zürich,
374,713874,Peter Kyburz,286828,Fonds des KV Schweiz,,"Hilfswerke, Nonprofit, Soziales",Geschäftsführer,Zürich,
388,1144647,Alain Carrupt,32605,Fonds Syndicom,,Gewerkschaften,Co-Präsident,Bern,
168,363,Josef Bollag,630,Forum-SRO,,Finanzen,Vizepräsident,,
301,224973,Daniel Heller,5966,Franke Schweiz AG,,Anderes,Mitglied,Aarburg,
168,363,Josef Bollag,621,Frenziek AG,,Finanzen,Einziges Mitglied des Verwaltungsrates,,
275,1035028,Fritz Glauser,283302,Fromagerie Châtonnaye,,Landwirtschaft,Präsident,Châtonnaye,
171,5105362,Lorenz Furrer,821909,Furrer.Hugi & Partner AG,,Consulting & PR,Mitglied,Bern,
171,5105362,Lorenz Furrer,821909,Furrer.Hugi & Partner AG,,Consulting & PR,Geschäftsführer,Bern,
417,4513204,Andreas Hugi,821909,Furrer.Hugi & Partner AG,,Consulting & PR,Mitglied,Bern,
417,4513204,Andreas Hugi,821909,Furrer.Hugi & Partner AG,,Consulting & PR,Geschäftsführer,Bern,
454,6243190,Mark Saxer,821909,Furrer.Hugi & Partner AG,,Consulting & PR,Prokurist,Bern,
406,702264,Oscar J. Schwenk,4272674,Fürsorgestft. Pilatus-Bahnen,,Altersvorsorge,Mitglied,Kriens,
54,297418,Albert Leiser,5134658,Fürsorgestft. Spross AG,,Altersvorsorge,Mitglied,Zürich,
209,4886204,Christoph Buser,229773,Fürsorgestft.WK Baselland,,Altersvorsorge,Präsident,Liestal,
195,524178,Andreas Widmer,4659189,Gantenbein-Stiftung,,Landwirtschaft,Präsident,Flawil,
414,4127563,Marc Studer,6925297,Garage Studer,,Anderes,Inhaber,Genève,
209,4886204,Christoph Buser,5568899,Gastfamilien Basel 2008,,"Kultur, Medien, Telekommunikation",Mitglied,Basel,
98,6804000,Klaus Künzli,4710677,Gastroconsult Bern,,Finanzen,Vizepräsident,,
98,6804000,Klaus Künzli,4710685,Gastroconsult Bernex,,Finanzen,Vizepräsident,,
98,6804000,Klaus Künzli,4710676,Gastroconsult Cadempino,,Finanzen,Vizepräsident,,
98,6804000,Klaus Künzli,4710681,Gastroconsult Chur,,Finanzen,Vizepräsident,,
98,6804000,Klaus Künzli,4710678,Gastroconsult Fribourg,,Finanzen,Vizepräsident,,
98,6804000,Klaus Künzli,4710683,Gastroconsult Luzern,,Finanzen,Vizepräsident,,
98,6804000,Klaus Künzli,4710684,Gastroconsult Olten,,Finanzen,Vizepräsident,,
98,6804000,Klaus Künzli,4710680,Gastroconsult Pully,,Finanzen,Vizepräsident,,
98,6804000,Klaus Künzli,4710675,Gastroconsult Saignelégier,,Finanzen,Vizepräsident,,
98,6804000,Klaus Künzli,4710679,Gastroconsult Sion,,Finanzen,Vizepräsident,,
98,6804000,Klaus Künzli,4710682,Gastroconsult St. Gallen,,Finanzen,Vizepräsident,,
98,6804000,Klaus Künzli,4710686,Gastroconsult Visp,,Finanzen,Vizepräsident,,
98,6804000,Klaus Künzli,4710674,Gastroconsult Zürich,,Finanzen,Vizepräsident,,
98,6804000,Klaus Künzli,827077,Gastrosuisse,,Detailhandel & Gastronomie,Präsident,,
283,727481,Alfred Squaratti,5508793,GazEl SA,,Industrie & Energie,Präsident des Verwaltungsrates,Vétroz,
54,297418,Albert Leiser,4480287,Gebäudeversicherung ZH,,Versicherungen,Mitglied,Zürich,
465,6522394,Thomas J. Grichting,5516292,Gen. Alpin Center Zermatt,,Sport & Tourismus,Mitglied,Zermatt,
98,6804000,Klaus Künzli,607,Gen. Dr. F. Della Casa,,Bauwirtschaft & Immobilien,Mitglied,,
441,944515,Josef Dissler,182462,Gen. LBA SBV,,Bauwirtschaft & Immobilien,Mitglied,Brugg AG,
54,297418,Albert Leiser,161081,Gen. Lindenplatz,,Sport & Tourismus,Mitglied,Zürich,
195,524178,Andreas Widmer,37437,Gen. pro Mosnang,,Bauwirtschaft & Immobilien,Präsident,Mosnang,
145,5617064,Raymond Loretan,613,Genolier Medical Network,,"Gesundheit, Pflege, Pharma",Präsident des Verwaltungsrates,,
418,4010952,Stefan Batzli,131777,Genossenschaft Baseltor,,Sport & Tourismus,Präsident,Solothurn,
256,6328894,Roger Schnegg,109479,Genossenschaft Feriendorf Fiesch,,Sport & Tourismus,Mitglied,Fiesch,
314,858208,Peter Schuhmacher,786243,Geo Consulting Group AG,,Consulting & PR,Einziges Mitglied des Verwaltungsrates,Zürich,
332,33090,Rudolf Alther,5718926,Ges. Schweiz - Albanien,,Anderes,Präsident,Goldach,
431,33776,Renzo Ambrosetti,89292,Gewerkschaft Unia,,Gewerkschaften,Co-Präsident,Bern,
9,5716363,Stefan Wyer,612375,GFW Development AG,,Consulting & PR,Mitglied,Leuk Stadt,
341,6238466,Giovanni Giunta,7015293,Giunta Bureau de conseils,,Consulting & PR,Inhaber,Chailly-Montreux,
242,56476,Nick Beglinger,6569447,Global Infrastructure Basel,,Umwelt,Mitglied,Basel,
370,853105,Daniel Wiener,6569447,Global Infrastructure Basel,,Umwelt,Präsident,Basel,
48,4562781,Dieter Kläy,268316,GMS,,Sport & Tourismus,Mitglied,Wettingen,
370,853105,Daniel Wiener,5411125,Gold Standard Foundation,,Umwelt,Mitglied,Cointrin,
172,6562803,Michael Nussbaumer,6562984,Grafik und Typografie,,Anderes,Inhaber,Basel,
80,404341,Kurt Rohrbach,5025,Groupe E SA,,Industrie & Energie,Mitglied,Granges-Paccot,
262,1058766,Nathalie Gysi,602539,Grünes Kreuz Schweiz,,Umwelt,Geschäftsführer,Zürich,
145,5617064,Raymond Loretan,614,GSMN Neuchâtel SA,,"Gesundheit, Pflege, Pharma",Mitglied,,
145,5617064,Raymond Loretan,239539,GSMN Vaud SA,,"Gesundheit, Pflege, Pharma",Präsident des Verwaltungsrates,Genolier,
145,5617064,Raymond Loretan,709982,GSMN Zürich AG,,"Gesundheit, Pflege, Pharma",Präsident des Verwaltungsrates,Genève,
385,1022882,Maxwell Sigurd,771741,GTER,,Verkehr & Logistik,Mitglied,Genève,
209,4886204,Christoph Buser,4173962,GV Baselland,,Wirtschaftsdachverbände,Vizepräsident,Liestal,
294,651505,Markus Meier,4173962,GV Baselland,,Wirtschaftsdachverbände,Mitglied,Liestal,
58,5818623,Helen Fässler-Eiermann,142633,H.-Chammer-Gen. A.,,Anderes,Mitglied,Appenzell,
229,880283,Barbara Hayoz,7064698,Hayoz GmbH,,Bauwirtschaft & Immobilien,Gesellschafter,Bern,
229,880283,Barbara Hayoz,7064698,Hayoz GmbH,,Bauwirtschaft & Immobilien,Geschäftsführer,Bern,
54,297418,Albert Leiser,603963,HBW,,Finanzen,ferner zeichnet,Zürich,
374,713874,Peter Kyburz,586102,Heidi Taxi Betriebs AG,,Verkehr & Logistik,Mitglied,Winterthur,
426,880278,Kurt Gfeller,831675,Helsana AG,,Versicherungen,Vizepräsident,Dübendorf,
426,880278,Kurt Gfeller,12585,Helsana Unfall AG,,Versicherungen,Vizepräsident,Dübendorf,
426,880278,Kurt Gfeller,697913,Helsana Versicherungen AG,,Versicherungen,Vizepräsident,Dübendorf,
426,880278,Kurt Gfeller,670731,Helsana Zusatzv. AG,,Versicherungen,Vizepräsident,Dübendorf,
54,297418,Albert Leiser,5364304,HEV Kanton Zürich,,Bauwirtschaft & Immobilien,Direktor,Zürich,
300,1192206,Ansgar Gmür,268184,HEV Schweiz,,Bauwirtschaft & Immobilien,Direktor,Zürich,
408,4692736,Monika Sommer,268184,HEV Schweiz,,Bauwirtschaft & Immobilien,Stellvertretender Direktor,Zürich,
54,297418,Albert Leiser,145354,HEV Zürich,,Bauwirtschaft & Immobilien,Direktor,Zürich,
200,6951145,Tamara Lauber,145354,HEV Zürich,,Bauwirtschaft & Immobilien,Mitglied,Zürich,
140,5285695,Dominique Reber,115376,Hirzel.Neef.Schmid Genf,,Consulting & PR,Direktor,Delémont,
140,5285695,Dominique Reber,79832,Hirzel.Neef.Schmid Zürich,,Consulting & PR,Direktor,Zürich,
457,5190083,Franz Saladin,726339,HK beider Basel,,Wirtschaftsdachverbände,Direktor,Basel,
47,7038795,Sarkis Shahinian,7038640,HK Schweiz-Armenien,,Wirtschaftsdachverbände,Vizepräsident,Zürich,
98,6804000,Klaus Künzli,5177285,Hotel Allegro Bern,,Sport & Tourismus,Mitglied,,
98,6804000,Klaus Künzli,231161,Hotel Consulting Group,,Finanzen,Präsident des Verwaltungsrates,,
84,1046083,Renate Hotz,5436471,Hotz Communications AG,,Consulting & PR,Präsident des Verwaltungsrates,Zug,
329,4860527,Martin Schläpfer,5436471,Hotz Communications AG,,Consulting & PR,Mitglied,Zug,
195,524178,Andreas Widmer,154616,Hulftegg AG,,Finanzen,Präsident des Verwaltungsrates,Mühlrüti,
120,218441,Rolf Hartl,216315,Hutter Dynamics AG,,Industrie & Energie,Mitglied,Winterthur,
120,218441,Rolf Hartl,221414,Hutter Dynamics AG SH,,Industrie & Energie,Mitglied,Schaffhausen,
374,713874,Peter Kyburz,4368260,HWZ Zürich AG,,Bildung & Forschung,Mitglied,Zürich,
168,363,Josef Bollag,5315051,IDS Living GmbH,,Bauwirtschaft & Immobilien,Vorsitzender der Geschäftsführung,,
486,1038098,Stefan Linder,634,IFH Interforum Holding AG,,Anderes,Mitglied,Zürich,
105,669335,Christine Davatz-Höchner,6755948,IGKG Schweiz,,Bildung & Forschung,Präsident,Bern,
83,46828,Chantal Balet,5243952,Implenia AG,,Bauwirtschaft & Immobilien,Mitglied,Dietlikon,
431,33776,Renzo Ambrosetti,6972825,IndustriALL Global Union,,Gewerkschaften,Mitglied,Carouge GE,
30,5881302,Rudolf Minsch,5654541,Innovationsstiftung GR,,Bildung & Forschung,Mitglied,Chur,
105,669335,Christine Davatz-Höchner,5654541,Innovationsstiftung GR,,Bildung & Forschung,Mitglied,Chur,
244,4723834,Andreas Burgener,583791,Inobat Genossenschaft,,Umwelt,Mitglied,Bern,
72,329859,Christian Melly,5629150,Inspection d.finances VS,,"Politisches (Parteien, Kantone)",Diverse,Sion,
72,329859,Christian Melly,5629150,Inspection d.finances VS,,"Politisches (Parteien, Kantone)",Beteiligungshinweis,Sion,
19,5591444,Stefan Vannoni,5572862,Inst. Wirtschaftsstudien,,Consulting & PR,Präsident des Verwaltungsrates,Basel,
145,5617064,Raymond Loretan,646222,Institut de Médecine de Genolier,,"Gesundheit, Pflege, Pharma",Präsident,Genolier,
48,4562781,Dieter Kläy,161705,Institut Libertas,,Anderes,Mitglied,Bern,
186,848993,Herbert Karch,765645,Intercooperation,,"Hilfswerke, Nonprofit, Soziales",Liquidator,Bern,
112,5754911,Bruno Henggi,163174,Interpharma,,"Gesundheit, Pflege, Pharma",Mitglied der Geschäftsleitung,Basel,
175,121692,Thomas Cueni,163174,Interpharma,,"Gesundheit, Pflege, Pharma",Generalsekretär,Basel,
175,121692,Thomas Cueni,163174,Interpharma,,"Gesundheit, Pflege, Pharma",Geschäftsführer,Basel,
229,880283,Barbara Hayoz,4148527,Intras Assurance,,Versicherungen,Mitglied,Lausanne,
229,880283,Barbara Hayoz,5746627,Intras Assurance-maladie,,Versicherungen,Mitglied,Lausanne 10,
106,103036,Gallus Cadonau,395107,ISF,,Umwelt,Vizepräsident,Bern,
1,370844,Vincenzo Pedrazzini,8761,Isler & Pedrazzini AG,,Anderes,Delegierter,Zürich,
27,4867051,Erich Herren,5598721,ISSN,,Anderes,Mitglied,Zug,
168,363,Josef Bollag,5598721,ISSN,,Anderes,Präsident,,
209,4886204,Christoph Buser,744464,IWF AG,,Anderes,Delegierter,Liestal,
294,651505,Markus Meier,744464,IWF AG,,Anderes,ferner zeichnet,Liestal,
213,460117,Georges Spicher,579369,Jetra AG,,Industrie & Energie,Einziges Mitglied des Verwaltungsrates,Schmitten FR,
83,46828,Chantal Balet,5085479,"Kantonalbank VS, Brig-Gils",,FInanzen,Mitglied,Brig-Gils,
83,46828,Chantal Balet,5085478,"Kantonalbank VS, Visp",,Finanzen,Mitglied,Visp,
186,848993,Herbert Karch,6480102,Karch Kampagnen,,Consulting & PR,Beteiligungshinweis,Bern,
186,848993,Herbert Karch,6480102,Karch Kampagnen,,Consulting & PR,Mitglied,Bern,
186,848993,Herbert Karch,6480102,Karch Kampagnen,,Consulting & PR,Gesellschafter,Bern,
66,5472975,Ernesto Engel,588312,Katz-Ausbildungszentrum,,Bildung & Forschung,Mitglied,Aarau,
50,4504015,Ronny Kaufmann,4504333,Kaufmann R. - Berater,,Consulting & PR,Inhaber,Goldach,
374,713874,Peter Kyburz,268190,Kaufmännischer Verband,,Wirtschaftsdachverbände,Generalsekretär,Zürich,
283,727481,Alfred Squaratti,172258,Kbm Engineers SA,,Industrie & Energie,Präsident des Verwaltungsrates,Sion,
366,505270,Valentin Vogt,9363,Kistler Holding AG,,Anderes,Mitglied,Winterthur,
366,505270,Valentin Vogt,586089,Kistler Instrumente AG,,Industrie & Energie,Mitglied,Winterthur,
120,218441,Rolf Hartl,7052862,Klik CO2-Kompensation,,Umwelt,Präsident,Zürich,
168,363,Josef Bollag,628,Klingelfuss+Cie.,,Detailhandel & Gastronomie,Kollektiv-Gesellschafter,,
301,224973,Daniel Heller,4269558,Klinik Barmelweid AG,,"Gesundheit, Pflege, Pharma",Präsident des Verwaltungsrates,Barmelweid,
145,5617064,Raymond Loretan,612,Klinik P. am See Zürich,,"Gesundheit, Pflege, Pharma",Mitglied,,
145,5617064,Raymond Loretan,799547,Klinik P. am See Zweig. Schwerzenbach,,"Gesundheit, Pflege, Pharma",Mitglied,Zürich,
145,5617064,Raymond Loretan,795853,Klinik Villa im Park AG,,"Gesundheit, Pflege, Pharma",Vizepräsident,Rothrist,
259,268223,Ulrich Keller,384792,Klipper GmbH,,Bauwirtschaft & Immobilien,Gesellschafter,Zürich,
259,268223,Ulrich Keller,384792,Klipper GmbH,,Bauwirtschaft & Immobilien,Geschäftsführer,Zürich,
259,268223,Ulrich Keller,384792,Klipper GmbH,,Bauwirtschaft & Immobilien,Beteiligungshinweis,Zürich,
206,519555,Roman Weissen,519555,KM Konsulta,,Consulting & PR,Gesellschafter,,
206,519555,Roman Weissen,519555,KM Konsulta,,Consulting & PR,Geschäftsführer,,
206,519555,Roman Weissen,519555,KM Konsulta,,Consulting & PR,Beteiligungshinweis,,
94,4909799,Walter Stüdeli,4909939,"Köhler, Stüdeli & Partner",,Consulting & PR,Gesellschafter,Bern,
94,4909799,Walter Stüdeli,4909939,"Köhler, Stüdeli & Partner",,Consulting & PR,Vorsitzender der Geschäftsführung,Bern,
94,4909799,Walter Stüdeli,4909939,"Köhler, Stüdeli & Partner",,Consulting & PR,Beteiligungshinweis,Bern,
168,363,Josef Bollag,625,Kolmar Group AG,,Industrie & Energie,Mitglied,,
372,1065079,Marcel Durst,5690754,Komet Sàrl,,Consulting & PR,Vorsitzender der Geschäftsführung,Bern,
372,1065079,Marcel Durst,597317,Komet Werbeagentur AG,,Consulting & PR,Präsident des Verwaltungsrates,Bern,
98,6804000,Klaus Künzli,696949,Kongress & Kursaal Bern,,Detailhandel & Gastronomie,Mitglied,,
80,404341,Kurt Rohrbach,9589,Kraftwerke Oberhasli AG,,Industrie & Energie,Mitglied,Innertkirchen,
124,5654519,Mirjam Ballmer,651985,Kraus-Vogt Stiftung,,Bildung & Forschung,Mitglied,Basel,
220,731886,Matthias Kummer,4115979,Kummer Public Affairs,,Consulting & PR,Inhaber,Bern,
246,543205,Maja Ziörjen,331779,"L. Ziörjen, Architekturbüro",,Bauwirtschaft & Immobilien,ferner zeichnet,Dübendorf,
36,98731,Daniel Bulliard,181484,La Méridienne Fribourg,,Bauwirtschaft & Immobilien,Präsident des Verwaltungsrates,Fribourg,
179,477648,Konrad Studerus,4467299,Labor Veritas AG,,Industrie & Energie,Vizepräsident,Zürich,
275,1035028,Fritz Glauser,282878,Landi,,Landwirtschaft,Mitglied,Chénens,
275,1035028,Fritz Glauser,653780,Le Journal Agri Sàrl,,"Kultur, Medien, Telekommunikation",Diverse,Lausanne,
275,1035028,Fritz Glauser,653780,Le Journal Agri Sàrl,,"Kultur, Medien, Telekommunikation",Beteiligungshinweis,Lausanne,
53,628575,Ruedi Leder,674393,Leder Partner,,Consulting & PR,Kollektiv-Gesellschafter,Baden,
492,472127,Benedikt Stockmann,502,"Lenzlinger Fils, Bernex",,Bauwirtschaft & Immobilien,ferner zeichnet,,
492,472127,Benedikt Stockmann,501,"Lenzlinger Söhne, Uster",,Bauwirtschaft & Immobilien,ferner zeichnet,,
492,472127,Benedikt Stockmann,504,"Lenzlinger Söhne, Luzern",,Bauwirtschaft & Immobilien,ferner zeichnet,,
492,472127,Benedikt Stockmann,505,"Lenzlinger Söhne, Rothrist",,Bauwirtschaft & Immobilien,ferner zeichnet,,
72,329859,Christian Melly,725978,Les 4 Vallées SA,,Sport & Tourismus,Präsident des Verwaltungsrates,Haute-Nendaz,
83,46828,Chantal Balet,134808,Les Domaines Gilliard SA,,Landwirtschaft,Mitglied,Sion,
145,5617064,Raymond Loretan,305247,Les Hauts de Genolier SA,,"Gesundheit, Pflege, Pharma",Präsident des Verwaltungsrates,,
69,765735,Hansruedi Streiff,397971,Lignum Holzwirtschaft,,Industrie & Energie,Mitglied,Zürich,
58,5818623,Helen Fässler-Eiermann,5818826,Lokal Appenzell GmbH,,Detailhandel & Gastronomie,Gesellschafter,Appenzell,
58,5818623,Helen Fässler-Eiermann,5818826,Lokal Appenzell GmbH,,Detailhandel & Gastronomie,Geschäftsführer,Appenzell,
58,5818623,Helen Fässler-Eiermann,5818826,Lokal Appenzell GmbH,,Detailhandel & Gastronomie,Beteiligungshinweis,Appenzell,
418,4010952,Stefan Batzli,7191682,LS Hauptgasse 64 AG,,Bauwirtschaft & Immobilien,Mitglied,Solothurn,
418,4010952,Stefan Batzli,546549,LS Hauptgasse 79 AG,,Bauwirtschaft & Immobilien,Mitglied,Solothurn,
288,451881,Laurent Seydoux,682800,"Lys DCT Seydoux, Beerli",,Consulting & PR,Kollektiv-Gesellschafter,Plan-les-Ouates,
288,451881,Laurent Seydoux,4146848,LYSOFT SA,,Anderes,Präsident des Verwaltungsrates,Plan-les-Ouates,
72,329859,Christian Melly,7027480,M. de Grimentz - Zinal SA,,Verkehr & Logistik,Mitglied,Grimentz,
168,363,Josef Bollag,5860603,Mahr AG,,Industrie & Energie,Mitglied,,
183,975543,Thomas C. Maurer,5698245,Maurer Comm. AG,,Consulting & PR,Präsident des Verwaltungsrates,Bern,
426,880278,Kurt Gfeller,5546128,Maxi.ch Versicherungen AG,,Versicherungen,Vizepräsident,Dübendorf,
242,56476,Nick Beglinger,82791,Maxmakers AG,,Consulting & PR,Vizepräsident,Zürich,
16,736914,Martin Zenhäusern,816596,Maxon Motor AG,,Industrie & Energie,Mitglied,Sachseln,
510,7039480,Miriam Wetter,7039357,MCW,,Consulting & PR,Inhaber,Zofingen,
184,335092,Urs F. Meyer,662675,Medialex,,"Kultur, Medien, Telekommunikation",Mitglied,Fribourg,
465,6522394,Thomas J. Grichting,635751,Medidata AG,,"Gesundheit, Pflege, Pharma",Mitglied,Root Längenbold,
184,335092,Urs F. Meyer,24080,Meyer-Wyss & Partner AG,,Bauwirtschaft & Immobilien,Mitglied,Grenchen,
168,363,Josef Bollag,622,MHN-AG,,Bauwirtschaft & Immobilien,Einziges Mitglied des Verwaltungsrates,,
329,4860527,Martin Schläpfer,11261,Migros-Gen.-Bund,,Detailhandel & Gastronomie,ferner zeichnet,Zürich,
406,702264,Oscar J. Schwenk,204079,Mineralquelle Bad Knutwil AG,,Industrie & Energie,Präsident des Verwaltungsrates,Büron,
55,4689222,Marie-Louise Baumann,6459850,MLB Communications,,Consulting & PR,Inhaber,Zürich,
71,4444336,Priska Föhn,24114,Möbelfabrik Betschart AG,,Bauwirtschaft & Immobilien,Mitglied,Muotathal,
317,5530653,Marco Föhn,24114,Möbelfabrik Betschart AG,,Bauwirtschaft & Immobilien,Mitglied,Muotathal,
50,4504015,Ronny Kaufmann,5023144,Mobility Solutions AG,,Verkehr & Logistik,Mitglied,Bern,
83,46828,Chantal Balet,352772,Mutuelle Vaudoise,,Versicherungen,Vizepräsident,Lausanne,
168,363,Josef Bollag,6311301,NetJets Europe GmbH,,Verkehr & Logistik,Geschäftsführer,,
16,736914,Martin Zenhäusern,549040,Nimbus AG,,Consulting & PR,Mitglied,Ziegelbrücke,
42,647183,Arthur Wellinger,4734444,Nova Energie GmbH,,Industrie & Energie,ferner zeichnet,Aarau,
315,6527757,Henrique Schneider,40749,Nuklearforum Schweiz,,Industrie & Energie,Mitglied,Bern,
168,363,Josef Bollag,786744,Och Holding AG,,Anderes,Vizepräsident,,
398,6348926,Andreas Schefer,217443,OGS Beratungsteam AG,,Consulting & PR,Mitglied,Uster,
83,46828,Chantal Balet,12237,OLF SA,,Detailhandel & Gastronomie,Mitglied,Givisiez,
83,46828,Chantal Balet,7229508,OLF Succ. St. Sulpice,,Detailhandel & Gastronomie,Mitglied,St. Sulpice,
505,1057184,Stefan Nünlist,217752,Oltra AG,,Bauwirtschaft & Immobilien,Mitglied,Olten,
481,1190796,Franz Egle,5660402,Orascom Development Holding AG,,Bauwirtschaft & Immobilien,Mitglied,Altdorf UR,
244,4723834,Andreas Burgener,630809,Orthotec AG,,Industrie & Energie,Mitglied,Nottwil,
244,4723834,Andreas Burgener,7290558,"Orthotec AG, Cugy",,Industrie & Energie,Mitglied,Cugy,
406,702264,Oscar J. Schwenk,4005937,Oskar J. Schwenk,,Consulting & PR,Inhaber,Hergiswil NW,
71,4444336,Priska Föhn,4444479,P.F.-Heinzer Holding AG,,Anderes,Mitglied,Muotathal,
71,4444336,Priska Föhn,4444479,P.F.-Heinzer Holding AG,,Anderes,Kapitalbeteiligung 100%,Muotathal,
137,1014565,Paul Aenishänslin,4608992,PAE-PAC,,Consulting & PR,Inhaber,Gelterkinden,
97,5131473,Hans-Peter In-Albon,221374,Paritätische KrV Gebäudetechnik,,Versicherungen,Mitglied,Zürich,
1,370844,Vincenzo Pedrazzini,6908867,Pedrazzini Campo SA,,Sport & Tourismus,Präsident des Verwaltungsrates,Campo (Vallemaggia),
1,370844,Vincenzo Pedrazzini,570304,Pedrazzini Holding AG,,Anderes,Präsident des Verwaltungsrates,Zürich,
185,6446441,Christina Werder,224039,Pensionskassengen. SGB,,Altersvorsorge,Mitglied,Bern,
54,297418,Albert Leiser,5734533,Persimob AG,,Bauwirtschaft & Immobilien,Mitglied,Zürich,
105,669335,Christine Davatz-Höchner,608,Pestalozzi-Stiftung,,Bildung & Forschung,Mitglied,Zürich,
301,224973,Daniel Heller,5920036,Pflegezentrum Barmelweid,,"Gesundheit, Pflege, Pharma",Präsident des Verwaltungsrates,Barmelweid,
128,25037,Herbert Winter,618293,Phibro GmbH,,Industrie & Energie,Geschäftsführer,Zug,
204,5397624,Erich Tschirky,4996816,PHS Public Health GmbH,,"Gesundheit, Pflege, Pharma",Gesellschafter,Bern,
204,5397624,Erich Tschirky,4996816,PHS Public Health GmbH,,"Gesundheit, Pflege, Pharma",Geschäftsführer,Bern,
204,5397624,Erich Tschirky,4996816,PHS Public Health GmbH,,"Gesundheit, Pflege, Pharma",Beteiligungshinweis,Bern,
406,702264,Oscar J. Schwenk,19493,Pilatus Aircraft Service AG,,Industrie & Energie,Präsident des Verwaltungsrates,Stans,
406,702264,Oscar J. Schwenk,12837,Pilatus Flugzeugwerke AG,,Verkehr & Logistik,Präsident des Verwaltungsrates,Stans,
406,702264,Oscar J. Schwenk,20732,Pilatus-Bahnen AG,,Verkehr & Logistik,Präsident des Verwaltungsrates,Alpnachstad,
283,727481,Alfred Squaratti,7106884,Pini Swiss Engineers SA,,Industrie & Energie,Mitglied,Lugano,
283,727481,Alfred Squaratti,7106884,Pini Swiss Engineers ZH,,Industrie & Energie,Mitglied,,
283,727481,Alfred Squaratti,7106884,Pini Swiss Engineers ZH,,Industrie & Energie,ferner zeichnet,Zürich,
444,188532,Peter Gfeller,232666,PK Emmental Versicherung,,Altersvorsorge,Mitglied,Konolfingen,
255,853602,René Rall,70624,PK SAV,,Altersvorsorge,Mitglied,Bern,
491,4573869,Giorgio Tuti,224004,PK SEV,,Altersvorsorge,Mitglied,Bern,
54,297418,Albert Leiser,5404360,Platanus Holding AG,,Anderes,Mitglied,Zürich,
97,5131473,Hans-Peter In-Albon,5131511,PLK,,Industrie & Energie,Mitglied,Zürich,
81,4822370,Christof Dietler,4822602,Pluswert,,Consulting & PR,Vorsitzender der Geschäftsführung,,
81,4822370,Christof Dietler,4822602,Pluswert,,Consulting & PR,Gesellschafter,,
81,4822370,Christof Dietler,4822602,Pluswert,,Consulting & PR,Beteiligungshinweis,,
171,5105362,Lorenz Furrer,5315051,Polo Bern AG,,Sport & Tourismus,Mitglied,Bern,
77,5454878,Reto Wiesli,5455082,Polsan GmbH,,"Gesundheit, Pflege, Pharma",Gesellschafter,Bern,
77,5454878,Reto Wiesli,5455082,Polsan GmbH,,"Gesundheit, Pflege, Pharma",Vorsitzender der Geschäftsführung,Bern,
77,5454878,Reto Wiesli,5455082,Polsan GmbH,,"Gesundheit, Pflege, Pharma",Beteiligungshinweis,Bern,
171,5105362,Lorenz Furrer,6662437,Port-Associations GmbH,,Consulting & PR,Vorsitzender der Geschäftsführung,Bern,
417,4513204,Andreas Hugi,6662437,Port-Associations GmbH,,Consulting & PR,Geschäftsführer,Bern,
132,6942944,Kalim Ghulam,800604,Powercondens AG,,Industrie & Energie,Mitglied,Maienfeld,
486,1038098,Stefan Linder,633,Premium incentives & events AG,,Anderes,Mitglied,Gwatt (Thun),
145,5617064,Raymond Loretan,711243,Privatklinik Obach AG,,"Gesundheit, Pflege, Pharma",Vizepräsident,Solothurn,
50,4504015,Ronny Kaufmann,122996,Pro Juventute,,"Hilfswerke, Nonprofit, Soziales",Mitglied,Zürich,
184,335092,Urs F. Meyer,240380,Pro Litteris,,"Kultur, Medien, Telekommunikation",Mitglied,Zürich,
201,728838,Raimund Rodewald,5870237,Pro Terra Engiadina,,Umwelt,Mitglied,Ramosch,
179,477648,Konrad Studerus,239607,Probat Heizungssysteme AG,,Bauwirtschaft & Immobilien,Mitglied,Bauma,
426,880278,Kurt Gfeller,760934,Progrès Versicherungen AG,,Versicherungen,Vizepräsident,Dübendorf,
24,850929,Hans-Ulrich Bigler,130809,Proparis Vorsorge-Stft.,,Altersvorsorge,Präsident,Bern,
426,880278,Kurt Gfeller,130809,Proparis Vorsorge-Stft.,,Altersvorsorge,Mitglied,Bern,
107,5774114,Martin Rufer,20957,Proviande Gen.,,Landwirtschaft,Mitglied,Bern,
56,1049448,Fadri Ramming,6844873,Psych. Dienste GR,,"Gesundheit, Pflege, Pharma",Präsident,Chur,
145,5617064,Raymond Loretan,3241,Publications Financières LSI,,"Kultur, Medien, Telekommunikation",Präsident des Verwaltungsrates,Genève,
441,944515,Josef Dissler,822767,Qualinova AG,,Bildung & Forschung,Mitglied,Gunzwil,
189,6970879,Hans Peter Reimann,6970750,R. Schreinerarbeiten,,Bauwirtschaft & Immobilien,Inhaber,Wallbach,
45,4045146,Felix Wirz,256067,R. Steiner Schulverein,,Bildung & Forschung,Mitglied,St. Gallen,
386,791471,Claudia Bolla-Vincenz,269490,R. Walser-Stiftung Bern,,"Kultur, Medien, Telekommunikation",Mitglied,Bern,
168,363,Josef Bollag,6790803,R.R.E. Immo AG,,Bauwirtschaft & Immobilien,Mitglied,,
283,727481,Alfred Squaratti,406353,Radio Rhône SA,,"Kultur, Medien, Telekommunikation",Mitglied,Martigny,
389,4957570,Gabi Badertscher,243207,Raiffeisenbank Amriswil,,Finanzen,Mitglied,Amriswil,
145,5617064,Raymond Loretan,5601563,Raymond Loretan,,Consulting & PR,Inhaber,,
98,6804000,Klaus Künzli,70954,Reka Genossenschaft,,Sport & Tourismus,Mitglied,,
235,6719597,Ueli Stückelberger,70954,Reka Genossenschaft,,Sport & Tourismus,Mitglied,Bern,
499,5100664,Barbara Gisi,70954,Reka Genossenschaft,,Sport & Tourismus,Mitglied,Bern,
431,33776,Renzo Ambrosetti,4889447,Resor,,Altersvorsorge,ferner zeichnet,Sion,
98,6804000,Klaus Künzli,605,Restaurant Vieux-Bois SA,,Detailhandel & Gastronomie,Sekretär,,
301,224973,Daniel Heller,4185512,Reuss Private AG,,Finanzen,Präsident des Verwaltungsrates,Bremgarten AG,
301,224973,Daniel Heller,5553278,Reuss Private Group AG,,Finanzen,Präsident des Verwaltungsrates,Pfäffikon SZ,
398,6348926,Andreas Schefer,242583,RGB,,"Kultur, Medien, Telekommunikation",Präsident,Bern,
83,46828,Chantal Balet,22927,Robert Gilliard SA Vins,,Landwirtschaft,Mitglied,Sion,
25,6895995,Silvia Blocher,5729064,Robinvest AG,,Consulting & PR,Mitglied,Männedorf,
209,4886204,Christoph Buser,6449283,Rofra Holding AG,,Anderes,Mitglied,Aesch BL,
422,1044766,Daniel C. Rohr,4163120,"Rohr Communications, Bern",,Consulting & PR,Inhaber,Bern,
201,728838,Raimund Rodewald,588305,Rottebrigge-Alte Mühle,,"Kultur, Medien, Telekommunikation",Mitglied,Brig,
145,5617064,Raymond Loretan,759168,RSI,,"Kultur, Medien, Telekommunikation",Präsident,Genolier,
326,4243104,Roger de Weck,759168,RSI,,"Kultur, Medien, Telekommunikation",Generaldirektor,Bern,
145,5617064,Raymond Loretan,816423,RTR,,"Kultur, Medien, Telekommunikation",Präsident,Neuchâtel,
326,4243104,Roger de Weck,816423,RTR,,"Kultur, Medien, Telekommunikation",Generaldirektor,,
145,5617064,Raymond Loretan,713217,RTS,,"Kultur, Medien, Telekommunikation",Präsident,Salgesch,
326,4243104,Roger de Weck,713217,RTS,,"Kultur, Medien, Telekommunikation",Generaldirektor,,
128,25037,Herbert Winter,821960,S. & H. Rothschild-Stiftung,,"Kultur, Medien, Telekommunikation",Mitglied,Zürich,
128,25037,Herbert Winter,196915,S. Mayer Memorial Stiftung,,"Kultur, Medien, Telekommunikation",Mitglied,Zürich,
374,713874,Peter Kyburz,257640,Sabimo AG,,Bauwirtschaft & Immobilien,Mitglied,Wolfwil,
145,5617064,Raymond Loretan,7072960,Salus Medica Clinic SA,,"Gesundheit, Pflege, Pharma",Vizepräsident,Sorengo,
298,5110578,Jürg Schlup,268089,SAMW Basel,,Bildung & Forschung,Mitglied,Basel,
229,880283,Barbara Hayoz,5927280,Sanagate AG,,Versicherungen,Mitglied,Luzern,
101,527127,Kurt Wilhelm,714250,Sanitas KrV.,,Versicherungen,Präsident,Zürich,
101,527127,Kurt Wilhelm,714250,Sanitas KrV.,,Versicherungen,Vorsitzender der Geschäftsleitung,Zürich,
426,880278,Kurt Gfeller,4373739,Sansan Versicherungen AG,,Versicherungen,Vizepräsident,Dübendorf,
465,6522394,Thomas J. Grichting,6246638,Santésuisse,,Versicherungen,Vizepräsident,Solothurn,
477,6702969,Sophie Michaud Gigon,268034,Sanu durabilitas,,Umwelt,Mitglied,Biel/Bienne,
465,6522394,Thomas J. Grichting,5828850,"Sasis AG, Luzern",,Anderes,Vizepräsident,,
465,6522394,Thomas J. Grichting,5828759,"Sasis AG, Solothurn",,Anderes,Vizepräsident,Solothurn,
98,6804000,Klaus Künzli,604,Sasso San Gottardo SA,,"Kultur, Medien, Telekommunikation",Mitglied,,
245,5728900,Bernhard Meier,818565,SBB,,Verkehr & Logistik,ferner zeichnet,Bern 65 SBB,
36,98731,Daniel Bulliard,6705607,SBH SA,,Bauwirtschaft & Immobilien,Präsident des Verwaltungsrates,Bulle,
29,1073293,Francis Egger,403502,SBV,,Landwirtschaft,ferner zeichnet,Brugg AG,
107,5774114,Martin Rufer,403502,SBV,,Landwirtschaft,ferner zeichnet,Brugg AG,
108,6815095,Martin Pidoux,403502,SBV,,Landwirtschaft,Prokurist,Brugg AG,
275,1035028,Fritz Glauser,403502,SBV,,Landwirtschaft,Vizepräsident,Brugg AG,
441,944515,Josef Dissler,403502,SBV,,Landwirtschaft,Mitglied,Brugg AG,
444,188532,Peter Gfeller,403502,SBV,,Landwirtschaft,Mitglied,Brugg AG,
481,1190796,Franz Egle,268221,Schw. Alpines Museum,,"Kultur, Medien, Telekommunikation",Vizepräsident,Bern,
229,880283,Barbara Hayoz,5565060,Schw. Exportrisikoversicherung,,Versicherungen,Mitglied,Zürich,
11,4589513,Martin Flügel,117050,Schw. Sozialpartner-Stft.,,Altersvorsorge,Mitglied,Zürich,
426,880278,Kurt Gfeller,117050,Schw. Sozialpartner-Stft.,,Altersvorsorge,Präsident,Zürich,
94,4909799,Walter Stüdeli,673377,Schw. Verband Heilmittel,,"Gesundheit, Pflege, Pharma",Geschäftsführer,Bern,
424,4178254,Josiane Enggasser,15126,Schweizer Obstverband,,Landwirtschaft,Vizedirektor,Zug,
256,6328894,Roger Schnegg,268418,Schweizer Sporthilfe,,Sport & Tourismus,ferner zeichnet,Ittigen,
235,6719597,Ueli Stückelberger,712164,SchweizMobil,,Sport & Tourismus,Mitglied,Bern,
138,1067385,Marcel Sennhauser,268069,Scienceindustries,,"Gesundheit, Pflege, Pharma",Mitglied der Geschäftsleitung,Zürich,
406,702264,Oscar J. Schwenk,6484243,SCL Helvetia AG,,Verkehr & Logistik,Mitglied,Unterägeri,
386,791471,Claudia Bolla-Vincenz,806711,SCN SwissCableNet AG,,"Kultur, Medien, Telekommunikation",Einziges Mitglied des Verwaltungsrates,Bern,
486,1038098,Stefan Linder,4804896,SEF AG,,Anderes,Mitglied,Gwatt (Thun),
36,98731,Daniel Bulliard,67544,Serge et Daniel Bulliard,,Bauwirtschaft & Immobilien,Vizepräsident,Fribourg,
491,4573869,Giorgio Tuti,108671,SEV,,Gewerkschaften,Präsident,Bern,
499,5100664,Barbara Gisi,97710,SFB Bildungszentrum,,Bildung & Forschung,Mitglied,Dietikon,
521,5770043,Beat Meiner,7203683,SFH,,"Hilfswerke, Nonprofit, Soziales",Mitglied,Bern,
36,98731,Daniel Bulliard,6550700,SFH SA,,Bauwirtschaft & Immobilien,Präsident des Verwaltungsrates,Fribourg,
219,6897508,Alex Miescher,6897353,SFV,,Sport & Tourismus,Generalsekretär ausserhalb des Vorstandes,Muri b. Bern,
209,4886204,Christoph Buser,4752825,SGFB,,Finanzen,Mitglied,Liestal,
106,103036,Gallus Cadonau,117045,SGS Erhaltung d. alp. Gewässer,,Umwelt,Mitglied,Zürich,
106,103036,Gallus Cadonau,117045,SGS Erhaltung d. alp. Gewässer,,Umwelt,Geschäftsführer,Zürich,
24,850929,Hans-Ulrich Bigler,5935272,SGV,,Wirtschaftsdachverbände,Direktor,Bern,
98,6804000,Klaus Künzli,5935272,SGV,,Wirtschaftsdachverbände,Mitglied,,
145,5617064,Raymond Loretan,6723537,SHI,,Sport & Tourismus,Mitglied,,
431,33776,Renzo Ambrosetti,277486,SI Lignon-Résidence SA,,Bauwirtschaft & Immobilien,Mitglied,Genève,
374,713874,Peter Kyburz,5740079,SIB AG,,Bildung & Forschung,Delegierter,Zürich,
196,5912967,Matthias Kuert Killer,117560,Sicherheitsfonds BVG,,Altersvorsorge,Mitglied,Bern,
426,880278,Kurt Gfeller,117560,Sicherheitsfonds BVG,,Altersvorsorge,Präsident,Bern,
136,4088504,Susanne Brunner,671386,Sigg Innenausbau GmbH,,Bauwirtschaft & Immobilien,Gesellschafter,Thalwil,
136,4088504,Susanne Brunner,671386,Sigg Innenausbau GmbH,,Bauwirtschaft & Immobilien,Geschäftsführer,Thalwil,
136,4088504,Susanne Brunner,671386,Sigg Innenausbau GmbH,,Bauwirtschaft & Immobilien,Beteiligungshinweis,Thalwil,
128,25037,Herbert Winter,275833,Sikna-Stiftung,,"Gesundheit, Pflege, Pharma",Mitglied,Zürich,
24,850929,Hans-Ulrich Bigler,268276,SIU,,Bildung & Forschung,Präsident,Zürich,
374,713874,Peter Kyburz,4043196,SKV Immobilien AG,,Bauwirtschaft & Immobilien,Delegierter,Zürich,
198,4034403,Beatrix Besio,310350,SMP,,Landwirtschaft,Prokurist,Bern,
72,329859,Christian Melly,21043,Soc. d'expansion de Zinal,,Sport & Tourismus,Präsident des Verwaltungsrates,Zinal,
145,5617064,Raymond Loretan,275628,Soc. des Explosifs SA,,Industrie & Energie,Präsident des Verwaltungsrates,Gamsen,
431,33776,Renzo Ambrosetti,273184,Soc. Immobilière Cluse-Préau SA,,Bauwirtschaft & Immobilien,Mitglied,Genève,
106,103036,Gallus Cadonau,6840148,Solar Agentur Schweiz,,Umwelt,Geschäftsführer,Zürich,
27,4867051,Erich Herren,131966,Soli. Auslandschweizer,,Anderes,Vizepräsident,Bern,
478,4442814,Felix Schneuwly,6473402,Solsana AG,,Sport & Tourismus,Mitglied,Saanen,
97,5131473,Hans-Peter In-Albon,286830,Sozialfonds VSEI,,"Hilfswerke, Nonprofit, Soziales",Mitglied,Zürich,
244,4723834,Andreas Burgener,4723997,Spirit of Management,,Consulting & PR,Inhaber,Bellach,
229,880283,Barbara Hayoz,4982160,Sport und Event Holding,,Sport & Tourismus,Mitglied,Luzern,
54,297418,Albert Leiser,16036,Spross Ga-La-Bau AG,,Bauwirtschaft & Immobilien,Mitglied,Zürich,
54,297418,Albert Leiser,16037,Spross-Holding AG,,Anderes,Mitglied,Zürich,
54,297418,Albert Leiser,16038,Spross-Immobilien AG,,Bauwirtschaft & Immobilien,Mitglied,Zürich,
208,139779,Lucius Dürr,40693,SQS,,Consulting & PR,Mitglied,Zollikofen,
145,5617064,Raymond Loretan,7236043,SRF,,"Kultur, Medien, Telekommunikation",Präsident,Bern,
326,4243104,Roger de Weck,7236043,SRF,,"Kultur, Medien, Telekommunikation",Generaldirektor,Bern,
145,5617064,Raymond Loretan,680731,"SRF, Swissinfo",,"Kultur, Medien, Telekommunikation",Präsident,Genève,
326,4243104,Roger de Weck,680731,"SRF, Swissinfo",,"Kultur, Medien, Telekommunikation",Generaldirektor,,
145,5617064,Raymond Loretan,7236043,"SRF, Zweigniederlassung",,"Kultur, Medien, Telekommunikation",Präsident,Zürich,
326,4243104,Roger de Weck,7236043,"SRF, Zweigniederlassung",,"Kultur, Medien, Telekommunikation",Generaldirektor,Zürich,
145,5617064,Raymond Loretan,4923606,SSE Finance SA,,Finanzen,Präsident des Verwaltungsrates,Gamsen,
457,5190083,Franz Saladin,4926052,SSIB,,Bildung & Forschung,Mitglied,Zürich,
195,524178,Andreas Widmer,785660,St. Galler Bauernverband,,Landwirtschaft,Geschäftsführer,Flawil,
229,880283,Barbara Hayoz,4559356,Stade de Suisse,,Sport & Tourismus,Mitglied,Bern,
229,880283,Barbara Hayoz,5443936,Stadtbauten Bern,,Bauwirtschaft & Immobilien,Mitglied,Bern,
486,1038098,Stefan Linder,5837891,Stähli & Linder AG,,Consulting & PR,Mitglied,Gwatt (Thun),
97,5131473,Hans-Peter In-Albon,15092,STF Winterthur,,Bildung & Forschung,Präsident,Winterthur,
48,4562781,Dieter Kläy,602,Stft. Centro del bel libro,,Bildung & Forschung,Mitglied,Zimmerwald,
184,335092,Urs F. Meyer,292160,Stft. d. Verleger-Verbandes,,"Kultur, Medien, Telekommunikation",Mitglied,Zürich,
184,335092,Urs F. Meyer,114874,Stft. der Schw. Werbung,,"Kultur, Medien, Telekommunikation",Mitglied,Zürich,
113,4925063,Pascal Gentinetta,124241,Stft. Economiesuisse,,Altersvorsorge,Mitglied,Zürich,
216,5313040,Etiennette J. Verrey,292475,Stft. Erforschung Frauenarbeit,,"Hilfswerke, Nonprofit, Soziales",Vizepräsident,Zürich,
465,6522394,Thomas J. Grichting,293513,Stft. Förderung sozialer KrV.,,Versicherungen,Vizepräsident,Solothurn,
235,6719597,Ueli Stückelberger,5033251,Stft. Forschung Seilbahnen,,Bildung & Forschung,Präsident,Goldau,
298,5110578,Jürg Schlup,4896880,Stft. für Patientensicherheit,,"Gesundheit, Pflege, Pharma",Mitglied,Basel,
212,5799727,Véronique Polito,293241,Stft. Gewerkschaftsschule,,Bildung & Forschung,Präsident,Basel,
175,121692,Thomas Cueni,6783413,Stft. für seelisch Leidende Basel,,"Hilfswerke, Nonprofit, Soziales",Präsident,Basel,
25,6895995,Silvia Blocher,624162,Stft. im Rebberg,,"Kultur, Medien, Telekommunikation",Mitglied,Herrliberg,
128,25037,Herbert Winter,688803,Stft. Jüd. Zeitgeschichte,,Bildung & Forschung,Mitglied,Zürich,
48,4562781,Dieter Kläy,168461,Stft. KS Winterthur 1963,,Bildung & Forschung,Mitglied,Winterthur,
457,5190083,Franz Saladin,371094,Stft. La Roche & Co.,,Anderes,Mitglied,Basel,
201,728838,Raimund Rodewald,268028,Stft. Landschaftsschutz,,Umwelt,Geschäftsführer,Bern,
477,6702969,Sophie Michaud Gigon,268028,Stft. Landschaftsschutz,,Umwelt,Mitglied,Bern,
29,1073293,Francis Egger,293573,Stft. ldw. Bildungwesens,,Landwirtschaft,Mitglied,Brugg AG,
441,944515,Josef Dissler,293573,Stft. ldw. Bildungwesens,,Landwirtschaft,Präsident,Brugg AG,
82,5398217,Rudolf Horber,5398325,Stft. Privatschulregister,,Bildung & Forschung,Präsident,,
105,669335,Christine Davatz-Höchner,5398325,Stft. Privatschulregister,,Bildung & Forschung,Präsident,Bern,
481,1190796,Franz Egle,5708995,Stft. Salle modulable,,"Kultur, Medien, Telekommunikation",Mitglied,Luzern,
90,5767738,Marcel Kreber,292138,Stft. Schw. Bierbrauerverein,,Bildung & Forschung,Mitglied,Zürich,
195,524178,Andreas Widmer,318012,Stft. St.Galler Landwirtschaft,,Landwirtschaft,Mitglied,Flawil,
417,4513204,Andreas Hugi,286827,Stft. Swiss Engineering,,Industrie & Energie,Mitglied,Zürich,
424,4178254,Josiane Enggasser,293364,Stft. Technische Obstverwertung,,Landwirtschaft,Mitglied,Wädenswil,
417,4513204,Andreas Hugi,292304,Stft. Verband STV,,Anderes,Mitglied,Zürich,
426,880278,Kurt Gfeller,391644,Stft. Versicherungsangebot durch die Helsana,,Versicherungen,Mitglied,Dübendorf,
131,7218675,Morten Keller,7218675,Stft. Werk-&Wohnhaus Weid,,"Gesundheit, Pflege, Pharma",,,
128,25037,Herbert Winter,199304,Stft.Israel.Gemeindebundes,,"Hilfswerke, Nonprofit, Soziales",Mitglied,Zürich,
22,5701234,Sara Stalder,116807,Stft.Konsumentenschutz,,"Hilfswerke, Nonprofit, Soziales",Geschäftsführer,Bern,
186,848993,Herbert Karch,116807,Stft.Konsumentenschutz,,"Hilfswerke, Nonprofit, Soziales",Mitglied,Bern,
470,729397,Peter Saxenhofer,116807,Stft.Konsumentenschutz,,"Hilfswerke, Nonprofit, Soziales",Vizepräsident,Bern,
521,5770043,Beat Meiner,645781,Stiftung Alpenruhe Saanen,,"Kultur, Medien, Telekommunikation",,Mitglied,Saanen
10,1030082,Max Nötzli,597312,Stiftung Auto Recycling,,Industrie & Energie,Mitglied,Bern,
244,4723834,Andreas Burgener,597312,Stiftung Auto Recycling,,Industrie & Energie,Mitglied,Bern,
331,869641,Michael Gehrken,597312,Stiftung Auto Recycling,,Industrie & Energie,Mitglied,Bern,
229,880283,Barbara Hayoz,6277031,Stiftung Bärenpark,,Umwelt,Mitglied,Bern,
370,853105,Daniel Wiener,4395103,Stiftung Base,,Umwelt,Mitglied,Basel,
56,1049448,Fadri Ramming,664171,Stiftung Casty-Buchmann,,"Kultur, Medien, Telekommunikation",Mitglied,Chur,
229,880283,Barbara Hayoz,394367,Stiftung Diaconis,,"Gesundheit, Pflege, Pharma",Mitglied,Bern,
457,5190083,Franz Saladin,612315,Stiftung Europainstitut,,Consulting & PR,Mitglied,Basel,
113,4925063,Pascal Gentinetta,5208161,Stiftung Klimarappen,,Umwelt,Mitglied,Zürich,
120,218441,Rolf Hartl,5208161,Stiftung Klimarappen,,Umwelt,Mitglied,Zürich,
213,460117,Georges Spicher,5208161,Stiftung Klimarappen,,Umwelt,Mitglied,Zürich,
315,6527757,Henrique Schneider,5208161,Stiftung Klimarappen,,Umwelt,Mitglied,Zürich,
204,5397624,Erich Tschirky,292972,Stiftung Märtplatz,,Bildung & Forschung,Mitglied,Rorbas,
370,853105,Daniel Wiener,685310,Stiftung Oekomedia,,"Kultur, Medien, Telekommunikation",Präsident,Basel,
193,816649,Stephan Schwitter,5847367,Stiftung Solinvest,,Bauwirtschaft & Immobilien,ferner zeichnet,Zürich,
208,139779,Lucius Dürr,5808690,Stiftung Speranza,,Bildung & Forschung,Mitglied,Aarau,
204,5397624,Erich Tschirky,4878047,Stiftung Synapsis AFS,,Bildung & Forschung,Geschäftsführer,Zürich,
204,5397624,Erich Tschirky,4878047,Stiftung Synapsis AFS,,Bildung & Forschung,Sekretär ausserhalb des Stiftungsrates,Zürich,
457,5190083,Franz Saladin,292876,Stiftung Telebasel,,"Kultur, Medien, Telekommunikation",Mitglied,Basel,
294,651505,Markus Meier,6997555,Stiftung Tierpark,,Umwelt,Vizepräsident,Liestal,
201,728838,Raimund Rodewald,293395,Stiftung Umwelt-Einsatz,,Umwelt,Mitglied,Steffisburg,
431,33776,Renzo Ambrosetti,292249,Stiftung Unia,,Gewerkschaften,Mitglied,Zürich,
431,33776,Renzo Ambrosetti,292249,Stiftung Unia,,Gewerkschaften,Geschäftsführer,Zürich,
463,970677,Peter Niggli,4412332,Stiftung Zewo,,"Hilfswerke, Nonprofit, Soziales",Mitglied,Zürich,
54,297418,Albert Leiser,293857,Sto AG,,Bauwirtschaft & Immobilien,Mitglied,Niederglatt ZH,
179,477648,Konrad Studerus,5718242,Studerus und Partner AG,,Consulting & PR,Einziges Mitglied des Verwaltungsrates,Zug,
481,1190796,Franz Egle,4944573,Stylos BVG-Sammelstft.,,Altersvorsorge,Mitglied,Kirchlindach,
147,6549004,Judith Fischer,5870217,Suva,,Versicherungen,ferner zeichnet,Luzern,
196,5912967,Matthias Kuert Killer,5870217,Suva,,Versicherungen,Mitglied,Luzern,
331,869641,Michael Gehrken,5870217,Suva,,Versicherungen,Mitglied,Luzern,
374,713874,Peter Kyburz,5870217,Suva,,Versicherungen,Mitglied,Luzern,
388,1144647,Alain Carrupt,5870217,Suva,,Versicherungen,Mitglied,Luzern,
426,880278,Kurt Gfeller,5870217,Suva,,Versicherungen,Mitglied,Luzern,
431,33776,Renzo Ambrosetti,5870217,Suva,,Versicherungen,Mitglied,Luzern,
465,6522394,Thomas J. Grichting,726764,SVK,,Versicherungen,Mitglied,Solothurn,
449,865001,Caroline Beglinger,701,SVS,,Verkehr & Logistik,Mitglied,Herzogenbuchsee,
208,139779,Lucius Dürr,5344085,SVV,,Versicherungen,Direktor,Zürich,
465,6522394,Thomas J. Grichting,5344085,SVV,,Versicherungen,Mitglied,Zürich,
457,5190083,Franz Saladin,5722470,Sw. Chambers' Arbitration Institution,,Anderes,Mitglied,Basel,
148,5500705,Yves Weidmann,40711,Swiss Banking,,Finanzen,ferner zeichnet,Basel,
171,5105362,Lorenz Furrer,7015365,Swiss Capital in Motion,,Consulting & PR,Geschäftsführer,Bern,
144,6311215,Maria Luisa Bernini Burkhard,6311314,Swiss Comm. Agency,,Consulting & PR,Gesellschafter,Lugano,
144,6311215,Maria Luisa Bernini Burkhard,6311314,Swiss Comm. Agency,,Consulting & PR,Geschäftsführer,Lugano,
144,6311215,Maria Luisa Bernini Burkhard,6311314,Swiss Comm. Agency,,Consulting & PR,Beteiligungshinweis,Lugano,
144,6311215,Maria Luisa Bernini Burkhard,6311314,Swiss Comm. Agency,,Consulting & PR,Kapitalbeteiligung 90%,Lugano,
50,4504015,Ronny Kaufmann,7190156,Swiss eMobility,,Verkehr & Logistik,Mitglied,Bern,
150,4308851,Thierry Burkart,7190156,Swiss eMobility,,Verkehr & Logistik,Präsident,Bern,
162,5612965,Rudolf Zumbühl,7190156,Swiss eMobility,,Verkehr & Logistik,Mitglied,Bern,
138,1067385,Marcel Sennhauser,296184,Swiss Engineering Media,,Bauwirtschaft & Immobilien,Präsident des Verwaltungsrates,Zürich,
347,888313,Urs Brogli,5674085,Swiss Leading Hospitals,,"Gesundheit, Pflege, Pharma",Mitglied,Baar,
256,6328894,Roger Schnegg,5134692,Swiss Olympic Association,,Sport & Tourismus,Direktor,Ittigen,
66,5472975,Ernesto Engel,594905,Swiss Plastics,,Industrie & Energie,Geschäftsführer,Aarau,
45,4045146,Felix Wirz,297768,Swissaid,,"Hilfswerke, Nonprofit, Soziales",Mitglied,Bern,
386,791471,Claudia Bolla-Vincenz,702393,Swisscable,,"Kultur, Medien, Telekommunikation",Geschäftsführer,Bern,
370,853105,Daniel Wiener,5797620,Swisscleantech,,Umwelt,Mitglied,Bern,
505,1057184,Stefan Nünlist,760606,Swisscom (Schweiz) AG,,"Kultur, Medien, Telekommunikation",ferner zeichnet,Worblaufen,
505,1057184,Stefan Nünlist,784052,Swisscom AG,,"Kultur, Medien, Telekommunikation",ferner zeichnet,Worblaufen,
80,404341,Kurt Rohrbach,603,Swisselectric,,Industrie & Energie,Mitglied,Bern,
56,1049448,Fadri Ramming,5091646,Swissgrid AG,,Industrie & Energie,Mitglied,Laufenburg,
26,5646523,David Stickelberger,5647039,Swissolar,,Umwelt,Geschäftsführer,Zürich,
380,681493,Urs Glutz,6567746,Swisspower AG,,Industrie & Energie,Mitglied der Geschäftsleitung,Zürich,
105,669335,Christine Davatz-Höchner,117058,Swissskills,,Bildung & Forschung,Mitglied,Sursee,
295,7092939,Arnaud Schaller,7092781,Swisstasting Sàrl,,Detailhandel & Gastronomie,Gesellschafter,Zweisimmen,
295,7092939,Arnaud Schaller,7092781,Swisstasting Sàrl,,Detailhandel & Gastronomie,Geschäftsführer,Zweisimmen,
295,7092939,Arnaud Schaller,7092781,Swisstasting Sàrl,,Detailhandel & Gastronomie,Beteiligungshinweis,Zweisimmen,
55,4689222,Marie-Louise Baumann,297799,Swisstransplant,,"Gesundheit, Pflege, Pharma",Vizepräsident,Bern,
388,1144647,Alain Carrupt,6512328,Syndicom,,Gewerkschaften,Co-Präsident,Bern,
16,736914,Martin Zenhäusern,4896041,Synegration AG,,Consulting & PR,Mitglied,Niederurnen,
204,5397624,Erich Tschirky,6371095,Syneric GmbH,,"Gesundheit, Pflege, Pharma",Gesellschafter,Zürich,
204,5397624,Erich Tschirky,6371095,Syneric GmbH,,"Gesundheit, Pflege, Pharma",Geschäftsführer,Zürich,
204,5397624,Erich Tschirky,6371095,Syneric GmbH,,"Gesundheit, Pflege, Pharma",Beteiligungshinweis,Zürich,
171,5105362,Lorenz Furrer,6872037,Tabascom,,Consulting & PR,Gesellschafter,,
171,5105362,Lorenz Furrer,6872037,Tabascom,,Consulting & PR,Geschäftsführer,,
171,5105362,Lorenz Furrer,6872037,Tabascom,,Consulting & PR,Beteiligungshinweis,,
465,6522394,Thomas J. Grichting,6426301,Tarifsuisse AG,,Versicherungen,Vizepräsident,Solothurn,
406,702264,Oscar J. Schwenk,698074,Tautec AG,,Detailhandel & Gastronomie,Einziges Mitglied des Verwaltungsrates,Hergiswil NW,
366,505270,Valentin Vogt,6957758,TAW Holding AG,,Finanzen,Präsident des Verwaltungsrates,Kloten,
150,4308851,Thierry Burkart,299874,TCS-Zentrum Aargau AG,,Verkehr & Logistik,Präsident des Verwaltungsrates,Birr-Lupfig,
150,4308851,Thierry Burkart,6617619,"TCS, Sektion Aargau",,Verkehr & Logistik,Präsident,Brunegg,
209,4886204,Christoph Buser,5158292,"TCS, Sektion beider Basel",,Verkehr & Logistik,Mitglied,Füllinsdorf,
481,1190796,Franz Egle,5295393,Textbüro Holz GmbH,,Consulting & PR,Gesellschafter,Luzern,
481,1190796,Franz Egle,5295393,Textbüro Holz GmbH,,Consulting & PR,Kapitalbeteiligung 5%,Luzern,
183,975543,Thomas C. Maurer,4398641,Thomas Maurer & Partner,,Consulting & PR,unbeschränkt haftender Gesellschafter,Bern,
229,880283,Barbara Hayoz,674653,tk3 AG,,Bauwirtschaft & Immobilien,Mitglied,Basel,
229,880283,Barbara Hayoz,4679213,tk3 Carouge,,Bauwirtschaft & Immobilien,Mitglied,Carouge,
229,880283,Barbara Hayoz,4469134,tk3 Lausanne,,Bauwirtschaft & Immobilien,Mitglied,Lausanne,
229,880283,Barbara Hayoz,832616,tk3 Zürich,,Bauwirtschaft & Immobilien,Mitglied,Zürich,
481,1190796,Franz Egle,709580,Top Fifty AG,,Consulting & PR,Mitglied,Zug,
150,4308851,Thierry Burkart,305247,Touring Club Suisse (TCS),,Verkehr & Logistik,Vizepräsident,Vernier,
162,5612965,Rudolf Zumbühl,305247,Touring Club Suisse (TCS),,Verkehr & Logistik,Direktor,Vernier,
209,4886204,Christoph Buser,305247,Touring Club Suisse (TCS),,Verkehr & Logistik,Mitglied,Vernier,
36,98731,Daniel Bulliard,5914466,Transat Entretien SàRL,,Bauwirtschaft & Immobilien,Gesellschafter,Fribourg,
36,98731,Daniel Bulliard,5914466,Transat Entretien SàRL,,Bauwirtschaft & Immobilien,Geschäftsführer,Fribourg,
36,98731,Daniel Bulliard,5914466,Transat Entretien SàRL,,Bauwirtschaft & Immobilien,Beteiligungshinweis,Fribourg,
36,98731,Daniel Bulliard,5874918,Transat SA,,Bauwirtschaft & Immobilien,Einziges Mitglied des Verwaltungsrates,Fribourg,
128,25037,Herbert Winter,376445,Turavent Oil GmbH,,Industrie & Energie,Geschäftsführer,Zug,
431,33776,Renzo Ambrosetti,309374,Typo Offset Aurora SA,,Industrie & Energie,Vizepräsident,Canobbio,
8,5315606,Raphaël Tschanz,260570,"UBS AG, Basel",,Finanzen,ferner zeichnet,Basel,
8,5315606,Raphaël Tschanz,766457,"UBS AG, Zürich",,Finanzen,ferner zeichnet,Zürich,
255,853602,René Rall,117243,Unterstützungsfonds SAV,,Anderes,Mitglied,Basel,
283,727481,Alfred Squaratti,40105,USIC-Stiftung,,Bauwirtschaft & Immobilien,Mitglied,Baar,
175,121692,Thomas Cueni,357518,Hilfe für seelisch Leidende Verein,,"Hilfswerke, Nonprofit, Soziales",Präsident,Basel,
315,6527757,Henrique Schneider,7290621,Validitas,,Finanzen,Vizepräsident,Zürich,
145,5617064,Raymond Loretan,6435542,Valsynthese SA,,"Gesundheit, Pflege, Pharma",Präsident des Verwaltungsrates,Gamsen,
83,46828,Chantal Balet,362987,Vaudoise Assurances H.,,Versicherungen,Vizepräsident,Lausanne,
83,46828,Chantal Balet,17746,Vaudoise Generale SA,,Versicherungen,Vizepräsident,Lausanne,
83,46828,Chantal Balet,17747,Vaudoise Vie SA,,Versicherungen,Vizepräsident,Lausanne,
209,4886204,Christoph Buser,7005117,VBS AG,,Wirtschaftsdachverbände,Delegierter,Liestal,
294,651505,Markus Meier,7005117,VBS AG,,Wirtschaftsdachverbände,ferner zeichnet,Liestal,
449,865001,Caroline Beglinger,40937,Verkehrsclub der Schweiz (VCS),,Verkehr & Logistik,Geschäftsführer,Herzogenbuchsee,
259,268223,Ulrich Keller,268215,Verband gem. Wohnbauträger,,Bauwirtschaft & Immobilien,Mitglied,Zürich,
69,765735,Hansruedi Streiff,40738,Verband HIS,,Industrie & Energie,Direktor,Bern,
66,5472975,Ernesto Engel,5552419,Verband Kunststoff-Rohre,,Industrie & Energie,ferner zeichnet,Aarau,
11,4589513,Martin Flügel,4645644,Verein ARC,,Gewerkschaften,Mitglied,Bern,
139,4302631,Bruno Weber-Gobet,4645644,Verein ARC,,Gewerkschaften,Mitglied,Bern,
204,5397624,Erich Tschirky,4645644,Verein ARC,,Gewerkschaften,Mitglied,Bern,
150,4308851,Thierry Burkart,26062,Verein Barmelweid,,"Gesundheit, Pflege, Pharma",Mitglied,Barmelweid,
301,224973,Daniel Heller,26062,Verein Barmelweid,,"Gesundheit, Pflege, Pharma",Präsident,Barmelweid,
42,647183,Arthur Wellinger,607598,Verein Energie-Info,,Industrie & Energie,Mitglied,Bern,
87,6328680,Patrick Hofstetter,6329079,Verein Energieallianz,,Industrie & Energie,Mitglied,Solothurn,
195,524178,Andreas Widmer,6444785,Verein Energietal Toggenburg,,Industrie & Energie,Vizepräsident,Wattwil,
492,472127,Benedikt Stockmann,636,Verein Pro Waldmannsburg,,"Kultur, Medien, Telekommunikation",Mitglied,,
221,6879792,Christoph Merkli,6879673,Verein velojournal,,"Kultur, Medien, Telekommunikation",Mitglied,Zürich,
374,713874,Peter Kyburz,7051193,Verlag SKV AG,,"Kultur, Medien, Telekommunikation",Delegierter,Zürich,
372,1065079,Marcel Durst,7237206,VerMag AG,,Industrie & Energie,Mitglied,Bern,
301,224973,Daniel Heller,6734760,VGKS,,Industrie & Energie,Mitglied,Aarau,
145,5617064,Raymond Loretan,26072,Vins des Chevaliers SA,,Landwirtschaft,Vizepräsident,Fribourg,
48,4562781,Dieter Kläy,601,Viscom Ost-& ZentralCH,,Wirtschaftsdachverbände,Geschäftsführer,Zürich,
48,4562781,Dieter Kläy,40709,Viscom Schweiz,,Wirtschaftsdachverbände,Stellvertretender Direktor,Bern,
234,5596910,Klara Vitali-Odermatt,5597055,Vitali Treuhand GmbH,,Finanzen,Gesellschafter,Oberkirch,
234,5596910,Klara Vitali-Odermatt,5597055,Vitali Treuhand GmbH,,Finanzen,Beteiligungshinweis,Oberkirch,
42,647183,Arthur Wellinger,811571,VKS Schweiz,,Wirtschaftsdachverbände,Vizepräsident,Münchenbuchsee,
374,713874,Peter Kyburz,318221,Vorsorgestft. des KV Schweiz,,Altersvorsorge,Geschäftsführer,Zürich,
426,880278,Kurt Gfeller,787348,Vorsorgestft. Helsana V. AG,,Altersvorsorge,Mitglied,Dübendorf,
179,477648,Konrad Studerus,232528,Vorsorgestft. Labor Veritas,,Altersvorsorge,Mitglied,Zürich,
138,1067385,Marcel Sennhauser,232658,Vorsorgestft. Scienceindustries,,Altersvorsorge,Mitglied,Zürich,
71,4444336,Priska Föhn,229860,Vorsorgestft.Betschart AG,,Altersvorsorge,Mitglied,Muotathal,
208,139779,Lucius Dürr,231362,Vorsorgestft.Schulthess-Stiftung,,Altersvorsorge,Mitglied,Zürich,
45,4045146,Felix Wirz,6753565,Vorsorgestiftung RSS,,Altersvorsorge,Mitglied,Basel,
441,944515,Josef Dissler,232487,Vorsorgestiftung SBV,,Altersvorsorge,Mitglied,Brugg AG,
235,6719597,Ueli Stückelberger,310378,VöV,,Verkehr & Logistik,Direktor,Bern,
80,404341,Kurt Rohrbach,310367,VSE,,Industrie & Energie,Präsident,Aarau,
10,1030082,Max Nötzli,32663,VSIG Handel Schweiz,,Anderes,Mitglied,Basel,
208,139779,Lucius Dürr,267152,W. Schulthess-Stiftung,,"Gesundheit, Pflege, Pharma",Mitglied,Zürich,
441,944515,Josef Dissler,5701303,Wald-Gen. Fontannen,,Landwirtschaft,Vizepräsident,Wolhusen,
204,5397624,Erich Tschirky,5760940,Wellatwork.ch GmbH,,"Gesundheit, Pflege, Pharma",Geschäftsführer,Herzogenbuchsee,
500,7176227,Peter With,7176095,With Metallbau AG,,Industrie & Energie,Mitglied,Luzern,
209,4886204,Christoph Buser,171444,WK Baselland,,Wirtschaftsdachverbände,Direktor,Liestal,
209,4886204,Christoph Buser,171444,WK Baselland,,Wirtschaftsdachverbände,Mitglied der Geschäftsleitung,Liestal,
294,651505,Markus Meier,171444,WK Baselland,,Wirtschaftsdachverbände,Stellvertretender Direktor,Liestal,
294,651505,Markus Meier,171444,WK Baselland,,Wirtschaftsdachverbände,Mitglied der Geschäftsleitung,Liestal,
209,4886204,Christoph Buser,4267696,WK Nordwestschweiz,,Wirtschaftsdachverbände,Vizepräsident,Liestal,
366,505270,Valentin Vogt,32608,Wohlfahrtsfonds Kistler AG,,Altersvorsorge,Mitglied,Winterthur,
36,98731,Daniel Bulliard,6535205,Wohnbau-DT GmbH,,Bauwirtschaft & Immobilien,Gesellschafter,Fribourg,
36,98731,Daniel Bulliard,6535205,Wohnbau-DT GmbH,,Bauwirtschaft & Immobilien,Vorsitzender der Geschäftsführung,Fribourg,
36,98731,Daniel Bulliard,6535205,Wohnbau-DT GmbH,,Bauwirtschaft & Immobilien,Beteiligungshinweis,Fribourg,
431,33776,Renzo Ambrosetti,327310,Wohnbaugen. Frauenfeld,,Bauwirtschaft & Immobilien,Mitglied,Frauenfeld,
394,5579517,Christian Zeyer,5606885,Wohnbaugen. Oberfeld,,Bauwirtschaft & Immobilien,Präsident,Ostermundigen,
303,152168,Richard Estermann,6368285,Y.-Estermann-Stiftung,,Anderes,Mitglied,Kriens,
171,5105362,Lorenz Furrer,6317730,"Yjoo comm. AG, Bern",,Consulting & PR,Mitglied,St. Gallen,
171,5105362,Lorenz Furrer,6337943,"Yjoo comm. AG, Zürich",,Consulting & PR,Mitglied,,
389,4957570,Gabi Badertscher,6337943,"Yjoo comm. AG, Zürich",,Consulting & PR,ferner zeichnet,Zürich,
389,4957570,Gabi Badertscher,6317730,"Yjoo comm. AG,St.Gallen",,Consulting & PR,ferner zeichnet,St. Gallen,
466,4931043,René Buholzer,7059421,Young Leaders Alumni Foundation,,Bildung & Forschung,Mitglied,Neuchâtel 1,
294,651505,Markus Meier,5473306,ZAK,,Bauwirtschaft & Immobilien,Mitglied,Liestal,
16,736914,Martin Zenhäusern,661233,Zenhäusern & Partner,,Consulting & PR,Einziges Mitglied des Verwaltungsrates,Zürich,
16,736914,Martin Zenhäusern,661233,Zenhäusern & Partner,,Consulting & PR,Kapitalbeteiligung 90%,Zürich,
16,736914,Martin Zenhäusern,5065812,Zenhäusern Akademie,,Bildung & Forschung,Einziges Mitglied des Verwaltungsrates,Zürich,
16,736914,Martin Zenhäusern,5065812,Zenhäusern Akademie,,Bildung & Forschung,Kapitalbeteiligung 100%,Zürich,
283,727481,Alfred Squaratti,6428365,Zentrum La Suisse Brig AG,,Bauwirtschaft & Immobilien,Präsident des Verwaltungsrates,Brig,
431,33776,Renzo Ambrosetti,331829,Zivag Verwaltungen Bern,,Bauwirtschaft & Immobilien,Präsident des Verwaltungsrates,Bern 15,
431,33776,Renzo Ambrosetti,331830,Zivag Verwaltungen Lausanne,,Bauwirtschaft & Immobilien,Präsident des Verwaltungsrates,Lausanne,
431,33776,Renzo Ambrosetti,5198660,Zivag Verwaltungen Zürich,,Bauwirtschaft & Immobilien,Präsident des Verwaltungsrates,,
294,651505,Markus Meier,5002473,ZPK,,Bauwirtschaft & Immobilien,Vizepräsident,Liestal,
444,188532,Peter Gfeller,326487,Zusatzstiftung SMP,,Altersvorsorge,Präsident,Bern,
3,,Etienne Bütikofer,,,,,,,
5,,Alex Fischer,,,,,,,
6,,Andrea Kind,,,,,,,
7,,Simon Affolter,,,,,,,
15,,Emil Kälin,,,,,,,
17,,Natacha Berberat,,,,,,,
18,,Alain Bovard,,,,,,,
20,,Matthias Dietrich,,,,,,,
21,,Hans Koller,,,,,,,
23,,Marco Taddei,,,,,,,
28,,Urs Martin,,,,,,,
31,,Petra Rohner,,,,,,,
32,,Judith Uebersax,,,,,,,
34,,Beat Christen,,,,,,,
37,,Brigitte Pitteloud,,,,,,,
38,,Martin Fröhlich,,,,,,,
39,,Michael Töngi,,,,,,,
41,,Sara Guerra,,,,,,,
43,,Sandra-Anne Göbelbecker,,,,,,,
52,,Rita Eder-Bachmann,,,,,,,
59,,Chantal Aeby Pürro,,,,,,,
60,,Hans Kuno Schweiger,,,,,,,
64,,Roland Seiler,,,,,,,
65,,Sybille Oetliker,,,,,,,
67,,Ingrid Hess,,,,,,,
68,,Hans-Georg Bächtold,,,,,,,
70,,Dagobert Cahannes,,,,,,,
73,,Paul-André Simon,,,,,,,
76,,Antoine Carraux,,,,,,,
78,,Jürg Wittwer,,,,,,,
85,,Hans-Ulrich Hunziker,,,,,,,
86,,Barbara Küttel,,,,,,,
88,,Jonas Glanzmann,,,,,,,
89,,Nicole Werner,,,,,,,
92,,Andrea Wyss Graber,,,,,,,
93,,Markus Allemann,,,,,,,
95,,Kurt Howald,,,,,,,
96,,Jürgen Schulz,,,,,,,
99,,Marie-Jo Girardin,,,,,,,
100,,Stefan Kilchenmann,,,,,,,
102,,Stefan Jakob,,,,,,,
103,,Dieter Meile,,,,,,,
104,,Daniela Lehmann,,,,,,,
109,,Raphaël Ciocchi,,,,,,,
110,,Alexander Segert,,,,,,,
115,,Florence Schurch,,,,,,,
119,,Cornelia Stamm Hurter,,,,,,,
121,,Harald Burgener,,,,,,,
122,,Werner Müller,,,,,,,
123,,Dominik Bachmann,,,,,,,
126,,Aliki Panayides,,,,,,,
127,,Annina Schneider,,,,,,,
133,,Christof Berger,,,,,,,
134,,Charles Buser,,,,,,,
142,,Luca Cirigliano,,,,,,,
146,,Thomas Moser,,,,,,,
151,,Andreas Tschöpe,,,,,,,
152,,Hannes Rettenmund,,,,,,,
153,,Doris Güttinger,,,,,,,
154,,Babette Sigg Frank,,,,,,,
155,,Claudio Kuster,,,,,,,
156,,Maxim Wuersch,,,,,,,
158,,Markus Flury,,,,,,,
159,,Martin Bosshard,,,,,,,
160,,Helene Müller-Bühler,,,,,,,
163,,Ottilia Müller,,,,,,,
164,,Jürg Maurer,,,,,,,
165,,Franz Grüter,,,,,,,
166,5725885,Patrick Hadi Huber,,,,,,,
167,,Michel Egger,,,,,,,
169,,Roger Hegi,,,,,,,
170,,François Cherix,,,,,,,
173,,Elvio Tettamanti,,,,,,,
174,,Johannes Wartenweiler,,,,,,,
176,,Ines Zürcher Montali,,,,,,,
178,,Jan Mühlethaler,,,,,,,
180,,Sigrid Sutter,,,,,,,
181,,Michaela Björk,,,,,,,
187,,Angelo Geninazzi,,,,,,,
188,,Denis Simonet,,,,,,,
190,7306640,Elena Antonella Strozzi,,,,,,,
192,,Jürg Bachmann,,,,,,,
194,,Bernard Salzmann,,,,,,,
197,,Thomas Zimmermann,,,,,,,
199,,Luca Paltenghi,,,,,,,
202,,Rebecca Ruiz,,,,,,,
203,,Ulrico Kessler,,,,,,,
205,,Hans-Peter Kaufmann,,,,,,,
210,,Anna-Lena Nadler,,,,,,,
211,,Sabrina Mohn,,,,,,,
215,,Marcus Ulber,,,,,,,
217,,Mélanie Sauvain,,,,,,,
218,,Alf Arnold,,,,,,,
222,,Louis Perron,,,,,,,
224,,Johannes Schwarz,,,,,,,
226,,Manuel Graf,,,,,,,
227,,Danielle Chiavaroli,,,,,,,
228,,Daniel Lampart,,,,,,,
230,,Nathalie Pfyl Henseler,,,,,,,
231,,Vinciane Frund,,,,,,,
232,,Patrick Eperon,,,,,,,
233,,Catherine Weber Busch,,,,,,,
236,,Christine Badertscher,,,,,,,
237,,Heinrich Minder,,,,,,,
238,,Michel Zimmermann,,,,,,,
239,,Madeleine Walter,,,,,,,
240,,Hans Peyer,,,,,,,
241,,Margret Wasserfallen,,,,,,,
243,,Ivica Petrusic,,,,,,,
248,,Werner Salzmann,,,,,,,
249,,Markus Meyer,,,,,,,
253,,Dore Heim,,,,,,,
263,,Florence Meyer,,,,,,,
264,,Daniel Roth,,,,,,,
265,,Alfred Aeppli,,,,,,,
271,,Chris von Rohr,,,,,,,
272,,Gaston Wolf,,,,,,,
273,,Hans-Rudolf Hüssy,,,,,,,
274,,Roswitha Brunner,,,,,,,
278,,Thomas Bähler,,,,,,,
280,,Thomas Ruckstuhl,,,,,,,
281,,Jean-Claude Chabloz,,,,,,,
282,,Xavier Pilloud,,,,,,,
285,,Jean-Félix Savary,,,,,,,
291,,Mathias Buschbeck,,,,,,,
299,,Hanspeter Konrad,,,,,,,
302,,Thomas Egger,,,,,,,
306,,Bruno Stegmann,,,,,,,
308,,Andrea Arezina,,,,,,,
310,,Nils Conradin Münger,,,,,,,
313,,Michèle Graber,,,,,,,
316,,Michael Schmid,,,,,,,
318,,Xavier Bertelletto,,,,,,,
319,,Philip Holmgaard Kristensen,,,,,,,
320,,Jean-Christophe Britt,,,,,,,
322,,Jérôme Desmeules,,,,,,,
328,,Beat Spahni,,,,,,,
333,,Franziska Barmettler,,,,,,,
334,,Guido Graf,,,,,,,
335,,Moreno Casasola,,,,,,,
336,4081131,Hannes Jaisli,,,,,,,
339,,Christina Goethe,,,,,,,
340,,Harry Graf,,,,,,,
342,,Adrian Schmid,,,,,,,
344,926284,Christian Köpe,,,,,,,
345,,Michel Darbellay,,,,,,,
346,,Thomas Zwald,,,,,,,
348,,Yvonne Ribi,,,,,,,
350,,Annette Walder,,,,,,,
351,,Peter Stähli,,,,,,,
352,,Peter Schmid,,,,,,,
354,,Liliane Brunisholz,,,,,,,
355,,Jean-Claude Hennet,,,,,,,
356,,Ernst Stocker,,,,,,,
357,,Elsbeth Wandeler,,,,,,,
358,,Mike Bacher,,,,,,,
361,4757083,Pierre Maudet,,,,,,,
361,4757083,Pierre Maudet,,,,,,,
361,4757083,Pierre Maudet,,,,,,,
361,4757083,Pierre Maudet,,,,,,,
367,,Oliver Schnyder,,,,,,,
368,,Martine Schneider,,,,,,,
369,,Martin Dätwyler,,,,,,,
373,,André Frutschi,,,,,,,
375,,Beat Zbinden,,,,,,,
378,,Barbara Züst,,,,,,,
379,,Rosmarie Glauser,,,,,,,
383,,Urs Näf,,,,,,,
384,,Simone Wyss Fedele,,,,,,,
391,,Varuna Singh Auroi,,,,,,,
392,5546035,Martin Muerner,,,,,,,
393,,Daniel Borner,,,,,,,
395,,Ernest Geiser,,,,,,,
396,,Lukas Schürch,,,,,,,
399,,Marie Pasquier Maridat,,,,,,,
400,,François Tissot-Daguette,,,,,,,
402,,Johan Rochel,,,,,,,
403,,Patrik Kneubühl,,,,,,,
405,,Ersin Dincer,,,,,,,
409,,Reinhard Frei,,,,,,,
412,,Marc Herkenrath,,,,,,,
415,,Fredy Müller,,,,,,,
416,,Luc Leumann,,,,,,,
420,,Manuel Wyss,,,,,,,
425,,Ruth Derrer-Balladore,,,,,,,
430,,Michael Burkhardt,,,,,,,
432,,Claude Comina,,,,,,,
433,,Michela Trisconi,,,,,,,
434,,Marc Horisberger,,,,,,,
435,,Urs Hürzeler,,,,,,,
439,,Christoph Kull,,,,,,,
442,,Michele Rossi,,,,,,,
447,,Doris Bianchi,,,,,,,
448,,Mathieu Fleury,,,,,,,
450,,Martin Bienlein,,,,,,,
451,,Roland A. Müller,,,,,,,
452,,Konrad Imbach,,,,,,,
458,,José Corpataux,,,,,,,
459,,Christian Castella,,,,,,,
461,,Marcel Liner,,,,,,,
462,,Simon Oberbeck,,,,,,,
464,,Alfred Rey,,,,,,,
472,,Anne Koch,,,,,,,
473,,Karin Byland,,,,,,,
475,,Walter Langenegger,,,,,,,
476,,Urs Durrer,,,,,,,
479,,Ursula Schaffner,,,,,,,
480,,Marinko Jurendic,,,,,,,
483,,Stefan Flückiger,,,,,,,
484,,Stephane Montangero,,,,,,,
485,,Urs Schneider,,,,,,,
487,,Alexandra Thalhammer,,,,,,,
488,,Stefan Kunz,,,,,,,
489,,Emine Sariaslan,,,,,,,
493,,Marc Gebhard,,,,,,,
494,,Gabriel Fischer,,,,,,,
495,,Pierre Zwahlen,,,,,,,
496,,Markus Brunner,,,,,,,
497,,Beda Egger,,,,,,,
498,,Max Hofmann,,,,,,,
501,,Ursula Näf,,,,,,,
502,,Daniel Seiler,,,,,,,
503,,Pascal Krauthammer,,,,,,,
504,,Pia Stebler,,,,,,,
506,,Belinda Walther Weger,,,,,,,
507,,Ariane Rustichelli,,,,,,,
508,,Julien Neirynck,,,,,,,
509,,Kim Lara Schweri,,,,,,,
511,,Manuela Annette Hugentobler,,,,,,,
512,,Claudia Isler,,,,,,,
513,,Paul Scherer,,,,,,,
514,,Séverine Barioni,,,,,,,
515,,Blaise Courvoisier,,,,,,,
516,,Regina Fuhrer-Wyss,,,,,,,
517,,Theo Zijdenbos,,,,,,,
518,,Maxence Carron,,,,,,,
519,,Jean-Marc Widmer,,,,,,,
520,,François Baertschi,,,,,,,